COMMUNE_NOM,COLL_SIRET,ANIMATIONS,DATE DEBUT,DATE FIN,ORGANISATEUR,LIEU 1,LIEU 2,LIEU 3
Antibes,21060004500012,bain du jour de l'an,2019-01-01,2019-01-01,Day one,Plage de la Salis,,
Antibes,21060004500012,Sélection Départementale Performance et Fédérale de Gym ,2019-01-12,2019-01-12,OAJLP Gymnastique ,Salle Pierre Brochard,,
Antibes,21060004500012,galette des rois,2019-01-12,2019-01-12,Roller Skate Club d'Antibes,Criée florale,,
Antibes,21060004500012,Village OGC Nice,2019-01-16,2019-01-16,OGC Nice,Esplanade de la Gravette ,,
Antibes,21060004500012,Souvenir Ange Rovillo,2019-01-20,2019-01-20,Antibes vélo passion,Parking du ponteil,,
Antibes,21060004500012,Challenge Interdépartemental de Sarbacanne,2019-01-23,2019-01-23,Handisport Antibes Méditerranée,Salle Saint Claude,,
Antibes,21060004500012,Tournoi Interclub et départemental jeunes ,2019-01-25,2019-01-25,Badminton Club d'Antibes,Gymnase de la Fontonne,,
Antibes,21060004500012,Sélection Départementale Performance et Fédérale de Gym ,2019-01-26,2019-01-26,OAJLP Gymnastique ,Salle Pierre Brochard,,
Antibes,21060004500012,Championnat Côte d'Azur en Double de Chasse sous-marine,2019-01-26,2019-01-26,Comité Départemental de Chasse sous-marine,Plage Keller,,
Antibes,21060004500012,Ski voile,2019-01-16,2019-01-20,Société des Régates d'Antibes,Port Gallice,,
Antibes,21060004500012,Régate Optimist ,2019-01-26,2019-01-27,Société des Régates d'Antibes,Plage de la Salis,,
Antibes,21060004500012,Championnat départemental Twirling Bâton ,2019-01-26,2019-01-27,Antibes Twirling,Azurarena Antibes,,
Antibes,21060004500012,Rassemblement FFCT,2019-01-27,2019-01-27,Olympique Cyclo Club d'Antibes,Esplanade Jean Moulin,,
Antibes,21060004500012,Stage de YOGA,2019-01-27,2019-01-27,Institut Français de Yoga Provence Alpes Côte d'Azur,Salles Polyvalentes des Croûtons,,
Antibes,21060004500012,TOP 12 gym,2019-02-02,2019-02-02,OAJLP Gymnastique ,Salle Saint Claude,,
Antibes,21060004500012,Nuit du Hand,2019-02-09,2019-02-09,OAJLP Handball,Salle Saint Claude,,
Antibes,21060004500012,Rassemblement Cycliste ,2019-02-10,2019-02-10,Vélo Club Antibois,Parvis de la Chapelle de la Garoupe,,
Antibes,21060004500012,TOP 12 gym,2019-02-16,2019-02-16,OAJLP Gymnastique ,Salle Saint Claude,,
Antibes,21060004500012,Regroupement Masters plus de 50 ans (hommes et femmes),2019-02-22,2019-02-23,ASF Antibes Hockey,Stade Fontonne N°3,,
Antibes,21060004500012,Rassemblement EDF Féminine de Hockey,2019-02-25,2019-03-01,ASF Antibes Hockey,Stade Fontonne N°3,,
Antibes,21060004500012,Stage de YOGA,2019-03-03,2019-03-03,Institut Français de Yoga Provence Alpes Côte d'Azur,Salles Polyvalentes des Croûtons,,
Antibes,21060004500012,Trophée Chardonneau Loisir Seniors,2019-03-16,2019-03-16,École d'Escrime d'Antibes,Salle Saint Claude,,
Antibes,21060004500012,Tournoi des Papys,2019-03-16,2019-03-17,Badminton Club d'Antibes,Gymnase de la Fontonne,,
Antibes,21060004500012,Pointage UFOLEP ,2019-03-17,2019-03-17,Olympique Cyclo Club d'Antibes,Square Albert 1er,,
Antibes,21060004500012,Spectacle de Marionnettes,2019-03-17,2019-03-17,CADIS,Salle Paul Charpin ,,
Antibes,21060004500012,Carnaval du Roller ,2019-03-23,2019-03-23,Roller Skate Club d'Antibes,Criée florale,,
Antibes,21060004500012,Ocean Racing ,2019-03-23,2019-03-24,Club Omnisports de Valbonne,Plage des Croûtons,,
Antibes,21060004500012,Championnat de MED LASER,2019-03-30,2019-03-31,Société des Régates d'Antibes,Antibes ,,
Antibes,21060004500012,Tournoi seniors et vétérans Que du Bad ,2019-03-30,2019-03-31,Badminton Club d'Antibes,Gymnase de la Fontonne,,
Antibes,21060004500012,Championnats Départementaux des écoles de tir,2019-03-31,2019-03-31,Tir Sportif d'Antibes,Stand de tir des 3 moulins ,,
Antibes,21060004500012,Rencontre Interclubs Nationale 3,2019-04-06,2019-04-06,Badminton Club d'Antibes,Gymnase de la Fontonne,,
Antibes,21060004500012,4ème Calvaire Antibois,2019-04-07,2019-04-07,ASOA section Run & tri,Ponteil et Cap d'Antibes,,
Antibes,21060004500012,15ème Challenge International des Joinvillais,2019-04-13,2019-04-14,École d'Escrime d'Antibes,Salle Saint Claude,,
Antibes,21060004500012,Tournoi OPEN de tennis,2019-04-17,2019-05-01,Tennis Club d'Antibes,Tennis Jules Grec,,
Antibes,21060004500012,Tournoi de Pâques du FCA,2019-04-20,2019-04-22,Football Club d'Antibes,Stade du Fort Carré,,
Antibes,21060004500012,Challenge Cinquin ,2019-04-20,2019-04-22,ASF Hockey Antibes,Stade de la Fontonne 3,,
Antibes,21060004500012,"Étape du circuit National 10m, 25m et 50m",2019-04-26,2019-04-28,Tir Sportif d'Antibes,Stand de tir des 3 moulins ,,
Antibes,21060004500012,Parcours du Cœur,2019-04-27,2019-04-27,Club Cœur et Santé,Pré des Pêcheurs ,,
Antibes,21060004500012,Nuit du Hand,2019-04-27,2019-04-27,OAJLP Handball,Salle Saint Claude,,
Antibes,21060004500012,Stage de YOGA,2019-04-28,2019-04-28,Institut Français de Yoga Provence Alpes Côte d'Azur,Salles Polyvalentes des Croûtons,,
Antibes,21060004500012,Tournoi de Tennis des Semboules,2019-04-27,2019-05-12,ASSA Tennis,Tennis Paul Charpin,,
Antibes,21060004500012,43ème Tournoi de la JSJLP catégories U6 à U8 ,2019-05-01,2019-05-01,Jeunesse Sportive de Juan-les-Pins,Stade Gilbert Auvergne,,
Antibes,21060004500012,Triathlon du 1er mai,2019-05-01,2019-05-01,ERAA,Stade du Fort Carré,,
Antibes,21060004500012,Tournoi des écoles de tir ,2019-05-01,2019-05-01,Tir Sportif d'Antibes,Stand de tir des 3 moulins ,,
Antibes,21060004500012,Manifestation de trottinette ,2019-05-04,2019-05-04,Comité des Fêtes de la Fontonne,Place Jean Aude La Fontonne,,
Antibes,21060004500012,Zumba Woman Day,2019-05-04,2019-05-04,Association Rose Azur,Plage du Ponteil,,
Antibes,21060004500012,"Concours CSAU,brevet,ring 1,2,3",2019-05-04,2019-05-05,Amicale du chien de travail d'Antibes,ZI des 3 moulins,,
Antibes,21060004500012,Tournoi régional jeunes,2019-05-05,2019-05-05,Compagnie d'arc d'Antibes,ZI des 3 moulins,,
Antibes,21060004500012,Championnats Départementaux 25 et 50m,2019-05-04,2019-05-05,Tir Sportif d'Antibes,Stand de tir des 3 moulins ,,
Antibes,21060004500012,Tournoi CASA,2019-05-08,2019-05-08,OAJLP Basket,Stade Foch,,
Antibes,21060004500012,43ème Tournoi de la JSJLP catégorie U9 ,2019-05-08,2019-05-08,Jeunesse Sportive de Juan-les-Pins,Stade Gilbert Auvergne,,
Antibes,21060004500012,Prix Roger Borriglion,2019-05-08,2019-05-08,AS Fontonne Boule,Clos de la Fontonne,,
Antibes,21060004500012,3ème Tournoi International U15 de Basket,2019-05-10,2019-05-12,OAJLP Basket,Stade Foch,,
Antibes,21060004500012,57ème Challenge DENAPE,2019-05-11,2019-05-12,Compagnie d'arc d'Antibes,ZI des 3 moulins,,
Antibes,21060004500012,Stage de YOGA,2019-05-12,2019-05-12,Institut Français de Yoga Provence Alpes Côte d'Azur,Salles Polyvalentes des Croûtons,,
Antibes,21060004500012,54ème Rallye d'Antibes ,2019-05-16,2019-05-19,Association Sportive Automobile;Rallye Antibes Association,Antibes ,,
Antibes,21060004500012,Concours Inter-Ports,2019-05-19,2019-05-19,Boule Amicale du Cap d'Antibes,Clos Jean Bunoz,,
Antibes,21060004500012,Concours de pétanque,2019-05-19,2019-05-19,Rugby Club Sophia Antipolis,Stade Gilbert Auvergne,,
Antibes,21060004500012,Raid Jaune UNSS,2019-05-22,2019-05-22,UNSS Nice,Plage du Ponteil,,
Antibes,21060004500012,5ème Challenge Paul Cayatte,2019-05-23,2019-05-23,Amicale des Sapeurs-Pompiers Antibes,Plage de la Salis,,
Antibes,21060004500012,43ème Tournoi de la JSJLP catégories U10 à U13 ,2019-05-25,2019-05-26,Jeunesse Sportive de Juan-les-Pins,Stade Gilbert Auvergne,,
Antibes,21060004500012,CDF Universitaire de Match Racing,2019-05-25,2019-05-26,Pôle Voile Match Racing / Creps,Antibes ,,
Antibes,21060004500012,Tournoi Inter de Tennis Fauteuil,2019-05-28,2019-06-01,Handisport Antibes Méditerranée,Tennis Jules Grec,,
Antibes,21060004500012,Tournoi International des Vétérans,2019-05-30,2019-06-01,AS Fontonne Football,Stade Docteur Léger,,
Antibes,21060004500012,Tournoi TMC Jeunes,2019-05-30,2019-06-01,ASSA Tennis,Tennis des Semboules,,
Antibes,21060004500012,Tournoi de Para tennis 2019,2019-05-30,2019-06-01,Handisport Antibes Méditerranée,Tennis Jules Grec,,
Antibes,21060004500012,2ème Prix Bohème Assurances,2019-06-01,2019-06-01,Amicale Bouliste du Châtaignier,Clos du Châtaignier,,
Antibes,21060004500012,Finale Départementale Éveil Athlé,2019-06-01,2019-06-01,ERAA,Stade du Fort Carré,,
Antibes,21060004500012,Trophée Souvenir Céline PALMERINI,2019-06-02,2019-06-02,Amicale Bouliste du Châtaignier,Clos du Châtaignier,,
Antibes,21060004500012,3ème GP d'Antibes/Gréolières,2019-06-02,2019-06-02,Olympique Cyclo Club d'Antibes,Gréolières,,
Antibes,21060004500012,7ème prix Assainissement services,2019-06-03,2019-06-03,Amicale Bouliste du Châtaignier,Clos du Châtaignier,,
Antibes,21060004500012,14ème Souvenir M. Pisano et A. Palmerini,2019-06-04,2019-06-04,Amicale Bouliste du Châtaignier,Clos du Châtaignier,,
Antibes,21060004500012,15ème Prix Eric PAUGET,2019-06-05,2019-06-05,Amicale Bouliste du Châtaignier,Clos du Châtaignier,,
Antibes,21060004500012,Championnats Régionaux de tir,2019-06-07,2019-06-09,Tir Sportif d'Antibes,Stand de tir des 3 moulins ,,
Antibes,21060004500012,25ème Tournoi Nicolas Cagnasso,2019-06-08,2019-06-08,AMADEUS,Stade du Fort Carré,,
Antibes,21060004500012,Champ Région 25m et 50m,2019-06-08,2019-06-09,Tir Sportif d'Antibes,ZI des 3 moulins,,
Antibes,21060004500012,Tournoi Daniel Charles,2019-06-08,2019-06-09,OAJLP Basket,Stade Foch,,
Antibes,21060004500012,Tournoi International Jeunes,2019-06-08,2019-06-10,AS Fontonne Football,Stade Docteur Léger,,
Antibes,21060004500012,Répétition Gala de Danse ,2019-06-09,2019-06-09,Pro Danse,Salle Saint Claude,,
Antibes,21060004500012,Open Water Swim 2019,2019-06-09,2019-06-09,Maxiplouf,Plage de la Gravette,,
Antibes,21060004500012,Tournoi 6ème Rugby ,2019-06-11,2019-06-11,Collège Roustan,Terrain synthétique du Fort Carré,,
Antibes,21060004500012,Tournoi 5ème Ultimate,2019-06-12,2019-06-12,Collège Roustan,Plateau Foch,,
Antibes,21060004500012,Nocturne ÉTÉ,2019-06-14,2019-08-30,AS Fontonne Boule,Clos Borriglion,,
Antibes,21060004500012,ISTA CUP,2019-06-15,2019-06-15,ISTA CIS,Stade du Fort Carré,,
Antibes,21060004500012,Tournoi Jeunes,2019-06-15,2019-06-15,OAJLP Volley-ball,Gymnase Bertone,,
Antibes,21060004500012,Championnat National de basket FCD,2019-06-15,2019-06-15,CSGA,Stade Foch,,
Antibes,21060004500012,Répétition Gala de Danse ,2019-06-16,2019-06-16,Pro danse,Salle Saint Claude,,
Antibes,21060004500012,27ème Trophée Hoang Nam,2019-06-16,2019-06-16,Ecole Hoang Nam,Salle Saint Claude,,
Antibes,21060004500012,Tournoi ASCHA,2019-06-16,2019-06-16,ASC Hospitaliers d'Antibes,Stade Docteur Léger T2,,
Antibes,21060004500012,Tournoi Jeunes u8,2019-06-16,2019-06-16,AS Fontonne Football,Terrain n°1 du Stade Docteur Léger,,
Antibes,21060004500012,Olympiade des 4ème,2019-06-17,2019-06-17,Collège Roustan,Plateau Foch,,
Antibes,21060004500012,Yoga au Lever du Soleil,2019-06-21,2019-06-21,Institut Français de Yoga Provence Alpes Côte d'Azur,Plage de la Salis ,,
Antibes,21060004500012,Festival de Capoeira de la Côte d'azur,2019-06-21,2019-06-22,Arte Brasil,Stade Foch,,
Antibes,21060004500012,L'eau pour rayonner,2019-06-22,2019-06-22,Direction des Sports de la Ville d'Antibes,Stade Nautique d'Antibes,,
Antibes,21060004500012,Répétition Gala de Fin d'année,2019-06-23,2019-06-23,Antibes Jazz,Salle Saint Claude,,
Antibes,21060004500012,Challenge GB,2019-06-23,2019-06-23,Assoc Sportive Safami Monroe,Terrain n°1 de la Fontonne,,
Antibes,21060004500012,Tournée Handivoile 06,2019-06-28,2019-06-29,Département des Alpes-Maritimes,Ponteil/Salis,,
Antibes,21060004500012,Tournée Handisub 06,2019-06-29,2019-06-30,Comité d’étude et des Sports sous marins AM,Ponteil,,
Antibes,21060004500012,Tournoi Inter de Badminton,2019-06-29,2019-06-30,Badminton Club d'Antibes,Salle Saint Claude,,
Antibes,21060004500012,Répétition Gala de fin d'année ,2019-06-30,2019-06-30,Antibes Jazz,Salle Salusse Santoni,,
Antibes,21060004500012,Réception des Sportifs,2019-07-03,2019-07-03,Direction des Sports de la Ville d'Antibes,Azurarena Antibes,,
Antibes,21060004500012,Mondial Footvolley,2019-07-05,2019-07-07,Association FootVolley Antibes,Pinède Gould,,
Antibes,21060004500012,Championnat TAE 50m,2019-07-06,2019-07-06,Compagnie d'arc d'Antibes,ZI des 3 moulins,,
Antibes,21060004500012,Baptême des Pieds Lourds,2019-07-06,2019-07-06,Antibes Subaquatique Azur,Plage du Fort Carré,,
Antibes,21060004500012,Entraînement Boxe Tony Yoka,2019-07-10,2019-07-10,Sharks d'Antibes,Pré des Pêcheurs ,,
Antibes,21060004500012,19ème national de Boule Carrée,2019-07-14,2019-07-14,Commune Libre du Safranier,Safranier,,
Antibes,21060004500012,Tour de France Kiwanis,2019-07-20,2019-07-20,Kiwanis,Creps,,
Antibes,21060004500012,Jeux de la Jeunesse d'Aalborg,2019-07-30,2019-08-04,Direction des Sports de la Ville d'Antibes,AALBORG ,,
Antibes,21060004500012,31ème Challenge Marc Grilli,2019-08-21,2019-08-21,Belles Rives Ski Nautique Club,Juan-les-Pins,,
Antibes,21060004500012,Tournoi jeunes du TCA,2019-08-24,2019-09-01,Tennis Club d'Antibes,Tennis Jules Grec,,
Antibes,21060004500012,Tournoi et Assemblée générale,2019-09-01,2019-09-01,OAJLP Volley-Ball,Stade du Fort Carré pelouse,,
Antibes,21060004500012,Tournoi Pre Saison,2019-09-07,2019-09-07,AS Fontonne,Parc des sport Dr Léger,,
Antibes,21060004500012,Fête de la Jeunesse ,2019-09-08,2019-09-08,Direction des Sports de la Ville d'Antibes,Stade du Fort Carré,,
Antibes,21060004500012,Tournoi Riviera Antibes ITF,2019-09-08,2019-09-15,Tennis Club d'Antibes,Tennis Club d'Antibes,,
Antibes,21060004500012,Championnat de France de Handball,2019-09-13,2019-09-13,Sapeurs-Pompiers d'Antibes,Salle Saint Claude,,
Antibes,21060004500012,Tournoi Pre Saison,2019-09-14,2019-09-14,AS Fontonne,Parc des sport Dr Léger,,
Antibes,21060004500012,Challenge Bonnetot,2019-09-14,2019-09-14,Club Loisirs de la Gendarmerie d'Antibes,Stade du Fort Carré,,
Antibes,21060004500012,Ti-Plage,2019-09-15,2019-09-15,BDE Polytech Nice Sophia,Plage du Pont du Lys,,
Antibes,21060004500012,Concours d'Agility,2019-09-15,2019-09-15,Amicale du Chien de Travail d'Antibes,ZI des 3 moulins,,
Antibes,21060004500012,Concours BACA,2019-09-21,2019-09-21,Boule Amicale du Cap d'Antibes,Clos Jean Bunoz,,
Antibes,21060004500012,Rencontre Interclub N3,2019-09-21,2019-09-21,Badminton Club d'Antibes,Gymnase de la Fontonne,,
Antibes,21060004500012,Riviera Tag Rugby Festival,2019-09-21,2019-09-21,Riviera Tag Club,Stade du Fort Carré,,
Antibes,21060004500012,Tournoi Beach Rugby,2019-09-28,2019-09-28,Esprit Passion Ovale Skéma Business School,Juan-les-Pins,,
Antibes,21060004500012,Yoga au Lever du Soleil,2019-09-28,2019-09-28,Institut Français de Yoga Provence Alpes Côte d'Azur,Plage du Ponteil,,
Antibes,21060004500012,Sentez-vous Sport,2019-09-29,2019-09-29,CDOS,Base Nautique du Ponteil,,
Antibes,21060004500012,40ème Édition de Courir pour une Fleur,2019-10-13,2019-10-13,Direction des Sports de la Ville d'Antibes,Pinède et Cap d'Antibes,,
Antibes,21060004500012,Nuit du Hand,2019-10-19,2019-10-19,OAJLP Handball,Salle Saint Claude,,
Antibes,21060004500012,Tournoi Qualificatif Championnat de France U19,2019-10-26,2019-10-27,ASF Hockey,Stade de la Fontonne T3,,
Antibes,21060004500012,Match de basket Leader Cup Antibes,2019-10-29,2019-10-29,Sharks d'Antibes,Azurarena Antibes,,
Antibes,21060004500012,Rencontre Interclub N3 et R1,2019-11-02,2019-11-03,Badminton Club d'Antibes,Gymnase de la Fontonne,,
Antibes,21060004500012,Marathon Nice - Cannes,2019-11-03,2019-11-03,Azur Sport Organisation ,Antibes,,
Antibes,21060004500012,Cross de l'UNSS,2019-11-06,2019-11-06,UNSS de District,Stade du Fort Carré,,
Antibes,21060004500012,Cross du Poilu ,2019-11-07,2019-11-07,Direction des Sports de la Ville d'Antibes,Stade du Fort Carré,,
Antibes,21060004500012,Match de basket Antibes ,2019-11-08,2019-11-08,Sharks d'Antibes,Azurarena Antibes,,
Antibes,21060004500012,Journée Champêtre ,2019-11-10,2019-11-10,Pétanque Antiboise,Criée Florale,,
Antibes,21060004500012,Challenge Belmas,2019-11-11,2019-11-11,Rugby Club Sophia Antipolis,Stade Gilbert Auvergne,,
Antibes,21060004500012,Cross du collège ,2019-11-12,2019-11-12,AS Collège Sidney Bechet,Parc Exflora,,
Antibes,21060004500012,Réception des Présidents,2019-11-16,2019-11-16,Direction des Sports de la Ville d'Antibes,Villa Eilenroc,,
Antibes,21060004500012,Cross du Fort Carré ,2019-11-16,2019-11-16,ERAA,Stade du Fort Carré,,
Antibes,21060004500012,Rassemblement UFOLEP,2019-11-17,2019-11-17,Olympique Cyclo Club d'Antibes,Square Albert 1er,,
Antibes,21060004500012,Match de basket Antibes/Nantes,2019-11-22,2019-11-22,Sharks d'Antibes,Azurarena Antibes,,
Antibes,21060004500012,Champ Départ de Tir ,2019-11-30,2019-11-30,Tir Sportif d'Antibes,ZI des 3 moulins,,
Antibes,21060004500012,Championnat Départemental d'Athlétisme,2019-12-04,2019-12-04,ERAA,Stade du Fort Carré,,
Antibes,21060004500012,Cross des 3ème du Collège Roustan,2019-12-04,2019-12-04,Collège Roustan,Stade Foch,,
Antibes,21060004500012,Téléthon ,2019-12-07,2019-12-07,Direction Animation et Activités Culturelles,Place Nationale,,
Antibes,21060004500012,Téléthon du Collège Roustan ,2019-12-07,2019-12-07,Collège Roustan,Stade Foch,,
Antibes,21060004500012,Championnat Départemental de Natation,2019-12-08,2019-12-08,CDSA 06,Stade Nautique d'Antibes,,
Antibes,21060004500012,Réunion FFCT,2019-12-14,2019-12-14,Olympique Cyclo Club d'Antibes,Au club,,
Antibes,21060004500012,29ème trophée René BEGUINET,2019-12-15,2019-12-15,Antibes Triathlon,Pinède,Cap d'Antibes,
Antibes,21060004500012,Bain du jour de l'an,2020-01-01,2020-01-01,Day one,Plage de la Salis,,
Antibes,21060004500012,Rencontre Interclub N3,2020-01-04,2020-01-04,Badminton Club d'Antibes,Gymnase de la Fontonne,,
Antibes,21060004500012,Match parent + Galette des rois,2020-01-12,2020-01-12,OAJLP Handball,Salle Saint Claude,,
Antibes,21060004500012,AG Wild Move ,2020-01-12,2020-01-12,Wild Move ,Base Nautique du Ponteil,,
Antibes,21060004500012,Ski Voile International,2020-01-16,2020-01-19,Société des Régates d'Antibes,Port Gallice,,
Antibes,21060004500012,19ème souvenir Ange Rovillo,2020-01-19,2020-01-19,Antibes vélo passion,Parking du ponteil Z3,,
Antibes,21060004500012,Rencontre France/Pays de Galles ,2020-01-21,2020-01-24,ASF Hockey sur Gazon,Stade Docteur Léger T3,,
Antibes,21060004500012,Challenge Interdépartemental de Sarbacanne,2020-01-22,2020-01-22,Handisport Antibes Méditerranée,Salle Saint Claude,,
Antibes,21060004500012,Sélection Départementale Performance et Fédérale de Gym ,2020-02-01,2020-02-01,OAJLP Gymnastique ,Salle Brochard,,
Antibes,21060004500012,top 12 gym,2020-02-08,2020-02-08,OAJLP Gymnastique ,Foch,,
Antibes,21060004500012,Prix Inter Parking ,2020-02-08,2020-02-08,Les Amis de la Pinède,Petite pinède,,
Antibes,21060004500012,Nuit du Hand,2020-02-08,2020-02-08,OAJLP Handball,Salle Saint Claude,,
Antibes,21060004500012,Rencontre Inter-clubs N3 + Régional 1,2020-02-08,2020-02-09,Badminton Club d'Antibes,Salle Collège Fontonne,,
Antibes,21060004500012,Marcassinade Olympique,2020-02-09,2020-02-09,ASSA Escalade,Salle Paul Charpin ,,
Antibes,21060004500012,Rassemblement Cycliste ,2020-02-09,2020-02-09,Vélo Club Antibois,Parvis de la Chapelle de la Garoupe,,
Antibes,21060004500012,Stage du Club ,2020-02-17,2020-02-21,AS Fontonne Football,Stade Docteur Léger,,
Antibes,21060004500012,Prix des Commerçants,2020-02-29,2020-02-29,AS Fontonne Boule,Clos Borriglion,,
Antibes,21060004500012,1/2 finale du TOP 12 de Gym,2020-02-29,2020-02-29,OAJLP Gymnastique ,Salle Brochard,,
Antibes,21060004500012,Régate de Ligue ,2020-03-01,2020-03-01,Société des Régates d'Antibes,Base Nautique ,,
Antibes,21060004500012,Animation Fermeture du bord de mer,2020-03-01,2020-03-01,Olympique Cyclo Club d'Antibes,Bord de mer côté fort carré,,
Antibes,21060004500012,Hand Ensemble,2020-03-05,2020-03-05,OAJLP Handball,Salle Saint Claude,,
Antibes,21060004500012,Tournoi Amical Master +40 dames,2020-03-07,2020-03-08,AS Fontonne Hockey,Stade Docteur Léger T3,,
Antibes,21060004500012,Concours de boules ,2020-03-12,2020-03-12,Les Amis de la Pinède,Petite et grande pinède,,
Antibes,21060004500012,Ski Nautique ,2020-06-27,2020-06-27,Belles Rives Ski Nautique Club,Ponton du Belles Rives,,
Antibes,21060004500012,Aquagym,2020-07-01,2020-07-01,Cercle des Nageurs d'Antibes,Plage du Ponteil,,
Antibes,21060004500012,Méditation,2020-07-01,2020-07-01,Meditbliss,Parc Exflora,,
Antibes,21060004500012,Biodonza,2020-07-02,2020-07-02,Association Bel Hêtre,Base Nautique,,
Antibes,21060004500012,Zumba,2020-07-03,2020-07-03,Sport et Culture 06,Square Gould,,
Antibes,21060004500012,Ski Nautique ,2020-07-04,2020-07-04,Belles Rives Ski Nautique Club,Ponton du Belles Rives,,
Antibes,21060004500012,Aquagym,2020-07-08,2020-07-08,Cercle des Nageurs d'Antibes,Plage du Ponteil,,
Antibes,21060004500012,Biodonza,2020-07-09,2020-07-09,Association Bel Hêtre,Base Nautique,,
Antibes,21060004500012,Nocturne de Pétanque,2020-07-10,2020-07-10,AS Fontonne Boule,Clos Borriglion,,
Antibes,21060004500012,Salsa Batchata ,2020-07-10,2020-07-10,Somos Latinos,Place Mariejol,,
Antibes,21060004500012,Aquagym,2020-07-10,2020-07-10,Cercle des Nageurs d'Antibes,Plage du Ponteil,,
Antibes,21060004500012,Méditation,2020-07-15,2020-07-15,Meditbliss,Parc Exflora,,
Antibes,21060004500012,Biodonza,2020-07-16,2020-07-16,Association Bel Hêtre,Base Nautique,,
Antibes,21060004500012,Salsa Batchata ,2020-07-17,2020-07-17,Somos Latinos,Place Mariejol,,
Antibes,21060004500012,Nocturne de Pétanque,2020-07-17,2020-07-17,AS Fontonne Boule,Clos Borriglion,,
Antibes,21060004500012,Concours Canin ring,2020-07-17,2020-07-18,Amicale du Chien de Travail d'Antibes,ZI des 3 Moulins,,
Antibes,21060004500012,Ski Nautique ,2020-07-18,2020-07-18,Belles Rives Ski Nautique Club,Ponton du Belles Rives,,
Antibes,21060004500012,Aquagym,2020-07-22,2020-07-22,Cercle des Nageurs d'Antibes,Plage du Ponteil,,
Antibes,21060004500012,Méditation,2020-07-22,2020-07-22,Meditbliss,Parc Exflora,,
Antibes,21060004500012,Biodonza,2020-07-23,2020-07-23,Association Bel Hêtre,Base Nautique,,
Antibes,21060004500012,Nocturne de Pétanque,2020-07-24,2020-07-24,AS Fontonne Boule,Clos Borriglion,,
Antibes,21060004500012,Salsa Batchata ,2020-07-24,2020-07-24,Somos Latinos,Place Mariejol,,
Antibes,21060004500012,Aquagym,2020-07-29,2020-07-29,Cercle des Nageurs d'Antibes,Plage du Ponteil,,
Antibes,21060004500012,Méditation,2020-07-29,2020-07-29,Meditbliss,Parc Exflora,,
Antibes,21060004500012,Biodonza,2020-07-30,2020-07-30,Association Bel Hêtre,Base Nautique,,
Antibes,21060004500012,Salsa Batchata ,2020-07-30,2020-07-30,Somos Latinos,Place Mariejol,,
Antibes,21060004500012,Nocturne de Pétanque,2020-07-30,2020-07-30,AS Fontonne Boule,Clos Borriglion,,
Antibes,21060004500012,Marathon Estivale Féminin de boules ,2020-08-02,2020-08-02,AS Fontonne Boule,Clos Borriglion,,
Antibes,21060004500012,Biodonza,2020-08-04,2020-08-04,Association Bel Hêtre,Base Nautique,,
Antibes,21060004500012,Aquagym,2020-08-05,2020-08-05,Cercle des Nageurs d'Antibes,Plage du Ponteil,,
Antibes,21060004500012,Zumba,2020-08-06,2020-08-06,Sport et Culture 06,Square Gould,,
Antibes,21060004500012,Nocturne de Pétanque,2020-08-07,2020-08-07,AS Fontonne Boule,Clos Borriglion,,
Antibes,21060004500012,Salsa Batchata ,2020-08-07,2020-08-07,Somos Latinos,Place Mariejol,,
Antibes,21060004500012,Biodonza,2020-08-11,2020-08-11,Association Bel Hêtre,Base Nautique,,
Antibes,21060004500012,Aquagym,2020-08-12,2020-08-12,Cercle des Nageurs d'Antibes,Plage du Ponteil,,
Antibes,21060004500012,Salsa Batchata ,2020-08-14,2020-08-14,Somos Latinos,Place Mariejol,,
Antibes,21060004500012,Nocturne de Pétanque,2020-08-14,2020-08-14,AS Fontonne Boule,Clos Borriglion,,
Antibes,21060004500012,Biodonza,2020-08-18,2020-08-18,Association Bel Hêtre,Base Nautique,,
Antibes,21060004500012,Aquagym,2020-08-19,2020-08-19,Cercle des Nageurs d'Antibes,Plage du Ponteil,,
Antibes,21060004500012,Salsa Batchata ,2020-08-21,2020-08-21,Somos Latinos,Place Mariejol,,
Antibes,21060004500012,32ème Challenge Marc Grilli,2020-08-21,2020-08-21,Belles Rives Ski Nautique Club,Ponton du Belles Rives,,
Antibes,21060004500012,Nocturne de Pétanque,2020-08-21,2020-08-21,AS Fontonne Boule,Clos Borriglion,,
Antibes,21060004500012,Biodonza,2020-08-25,2020-08-25,Association Bel Hêtre,Base Nautique,,
Antibes,21060004500012,Aquagym,2020-08-26,2020-08-26,Cercle des Nageurs d'Antibes,Plage du Ponteil,,
Antibes,21060004500012,Salsa Batchata ,2020-08-28,2020-08-28,Somos Latinos,Place Mariejol,,
Antibes,21060004500012,Nocturne de Pétanque,2020-08-28,2020-08-28,AS Fontonne Boule,Clos Borriglion,,
Antibes,21060004500012,Zumba,2020-08-28,2020-08-28,Sport et Culture 06,Square Gould,,
Antibes,21060004500012,Concours Maëva PODAIR,2020-08-30,2020-08-30,Les Amis de la Pinède,Petite Pinède,,
Antibes,21060004500012,L'eau pour Rayonner,2020-09-05,2020-09-05,Direction des Sports de la Ville d'Antibes,Stade Nautique d'Antibes,,
Antibes,21060004500012,Fête de la Jeunesse ,2020-09-06,2020-09-06,Direction des Sports de la Ville d'Antibes,Stade du Fort Carré,,
Antibes,21060004500012,Jeux de Sophia - Tir à l'arc,2020-09-07,2020-10-06,Sophia Club Entreprises,ZI des 3 Moulins,,
Antibes,21060004500012,Prix Roger Borriglion ,2020-09-12,2020-09-12,AS Fontonne Boule,Clos Borriglion,,
Antibes,21060004500012,Tournoi U12 et U13 ,2020-09-12,2020-09-12,AS Fontonne Football,Stade Docteur Léger,,
Antibes,21060004500012,Tournoi OPEN de Tennis,2020-09-12,2020-09-27,ASSA Tennis,Tennis des Semboules,,
Antibes,21060004500012,Tournoi U10 et U11 ,2020-09-19,2020-09-19,AS Fontonne Football,Stade Docteur Léger,,
Antibes,21060004500012,Prix Eric PAUGET,2020-09-29,2020-09-29,Les Amis de la Pinède,Petite Pinède,,
Antibes,21060004500012,Prix Jean Aude ,2020-10-03,2020-10-03,AS Fontonne Boule,Clos Borriglion,,
Antibes,21060004500012,Régate Habitable - Coupe du Club,2020-10-03,2020-10-04,Société des Régates d'Antibes,Mer d'Antibes à Menton,,
Antibes,21060004500012,Régate Lasers ,2020-10-03,2020-10-04,Société des Régates d'Antibes,Base Nautique,Ponteil,
Antibes,21060004500012,Régate Habitable - Coupe Napoléon ,2020-10-08,2020-10-11,Société des Régates d'Antibes,Mer d'Antibes à Elbe,,
Antibes,21060004500012,Tournoi 8/10 ans ORANGE ,2020-10-11,2020-10-11,Tennis Club d'Antibes,Tennis Jules Grec,,
Antibes,21060004500012,Semaine Olympique ,2021-02-01,2021-02-06,Direction Jeunesse + direction des Sports,Ecoles Primaires d'Antibes,,
Antibes,21060004500012,CDSA Natation ,2021-02-13,2021-02-13,Comité dépatemental ,Stade Nautique d'Antibes,,
Antibes,21060004500012,Stage préparatoire à la coupe de printemps ,2021-03-02,2021-03-06,Société des Régates d'Antibes,Base Nautique de la Salis,,
Antibes,21060004500012,Découverte / Initiation Pétanque ,2021-05-22,2021-05-22,Les Amis de la Pinède,Pinède de Juan-les-Pins,,
Antibes,21060004500012,Concours d'agility ,2021-05-23,2021-05-23,Amicale du Chien de Travail d'Antibes,ZI des 3 Moulins,,
Antibes,21060004500012,Mercantour Vélo - tour ,2021-05-24,2021-05-25,Mercantour Vélo,Stade de la Fontonne,,
Antibes,21060004500012,Report du 58ème Challenge DENAPE,2021-06-05,2021-06-06,Compagnie d'Arc d'Antibes,ZI des 3 Moulins,,
Antibes,21060004500012,Tournoi du club de tennis,2021-06-09,2021-06-23,ASSA Tennis ,Tennis des Semboules,,
Antibes,21060004500012,Tournoi de 3 x 3 et de 5 x 5 de basket ,2021-06-12,2021-06-13,OAJLP Basket,Stade Foch ,,
Antibes,21060004500012,Ski Nautique découverte Summer Pop's Art,2021-06-19,2021-06-19,Belles Rives Ski Nautique Club,Ponton du Belles Rives,,
Antibes,21060004500012,L'eau pour Rayonner,2021-06-19,2021-06-19,Autisme,Stade Nautique d'Antibes,,
Antibes,21060004500012,70ème Grand Prix d'Antibes ,2021-06-20,2021-06-20,Olympique Cyclo Club d'Antibes,Gréolières,,
Antibes,21060004500012,Journée Olympique ,2021-06-22,2021-06-22,CDOS 06 + CREPS,Stade du Fort Carré,,
Antibes,21060004500012,Tournée Handivoile 06,2021-06-24,2021-06-24,Département des Alpes-Maritimes,Base Nautique de la Salis,,
Antibes,21060004500012,Ski Nautique découverte Summer Pop's Art,2021-06-26,2021-06-26,Belles Rives Ski Nautique Club,Ponton du Belles Rives,,
Antibes,21060004500012,Fêtes de la Saint Pierre ,2021-06-26,2021-06-27,Direction Animation et Activités Culturelles,Base Nautique de la Salis,,
Antibes,21060004500012,Tournoi de Tennis Ballon ,2021-06-28,2021-07-04,Jeunesse Sportive de Juan-les-Pins,Stade Gilbert Auvergne,,
Antibes,21060004500012,Tournoi Régional de tennis,2021-07-01,2021-07-14,Tennis Club d'Antibes,Tennis Jules Grec,,
Antibes,21060004500012,Nocturne Estivale Pétanque,2021-07-02,2021-07-02,AS Fontonne Boule,Clos Borriglion,,
Antibes,21060004500012,Tournoi Basketball 3 x 3,2021-07-02,2021-07-03,Sharks d'Antibes,Pré des Pêcheurs ,,
Antibes,21060004500012,Ski Nautique découverte Summer Pop's Art,2021-07-03,2021-07-03,Belles Rives Ski Nautique Club,Ponton du Belles Rives,,
Antibes,21060004500012,Championnat Fédéral Nocturne ,2021-07-03,2021-07-03,Compagnie d'Arc d'Antibes,ZI des 3 Moulins,,
Antibes,21060004500012,Salsa Batchata - swing - Danses en ligne Summer Pop's Art,2021-07-05,2021-07-05,Studio Danse 06,Place des Martyrs de la Résistance,,
Antibes,21060004500012,Pétanque - Summer Pop's Art,2021-07-06,2021-07-06,Direction des Sports de la Ville d'Antibes,Stade des Semboules,,
Antibes,21060004500012,Step - Summer Pop's Art,2021-07-07,2021-07-07,Direction des Sports de la Ville d'Antibes,Stade Nautique d'Antibes,,
Antibes,21060004500012,Aquagym en mer - Summer Pop's Art,2021-07-07,2021-07-07,Cercle des Nageurs d'Antibes,Plage du ponteil,,
Antibes,21060004500012,Méditation en musique,2021-07-07,2021-07-07,Meditbliss,Base Nautique du Ponteil,,
Antibes,21060004500012,Stretching - Summer Pop's Art,2021-07-08,2021-07-08,Direction des Sports de la Ville d'Antibes,Base Nautique du Ponteil,,
Antibes,21060004500012,Salsa Cubaine et Batchata Dominiquaine - Summer Pop's Art,2021-07-09,2021-07-09,Somos Latinos ,Place Mariejol,,
Antibes,21060004500012,Fit Foot - Summer Pop's Art,2021-07-09,2021-07-09,Jeunesse Sportive de Juan-les-Pins,Pré des Pêcheurs ,,
Antibes,21060004500012,Zumba - Summer Pop's Art,2021-07-09,2021-07-09,Pro Vie Danse,Pinède Gould,,
Antibes,21060004500012,Shakti Danse - Yoga de la Danse - Summer Pop's Art,2021-07-09,2021-07-09,Le Bonheur est dans l'éveil,Parc Exflora ,,
Antibes,21060004500012,Nocturne Estivale Pétanque,2021-07-09,2021-07-09,AS Fontonne Boule,Clos Borriglion,,
Antibes,21060004500012,Arts Vietnamiens - Summer Pop's Art,2021-07-10,2021-07-10,Association Art et Culture d'Asie,Pré des Pêcheurs ,,
Antibes,21060004500012,Marche Active - Summer Pop's Art,2021-07-12,2021-07-12,Direction des Sports de la Ville d'Antibes,Place Nationale,,
Antibes,21060004500012,Cardio Training - Summer Pop's Art,2021-07-13,2021-07-13,Direction des Sports de la Ville d'Antibes,Parc Exflora ,,
Antibes,21060004500012,Aquagym en mer - Summer Pop's Art,2021-07-14,2021-07-14,Cercle des Nageurs d'Antibes,Plage du ponteil,,
Antibes,21060004500012,Méditation en musique,2021-07-14,2021-07-14,Meditbliss,Base Nautique du Ponteil,,
Antibes,21060004500012,Cuisses Abdos Fessiers - Summer Pop's Art,2021-07-15,2021-07-15,Direction des Sports de la Ville d'Antibes,Stade Nautique d'Antibes,,
Antibes,21060004500012,Salsa Cubaine et Batchata Dominiquaine - Summer Pop's Art,2021-07-16,2021-07-16,Somos Latinos ,Place Mariejol,,
Antibes,21060004500012,Salsa Batchata - swing - Danses en ligne Summer Pop's Art,2021-07-16,2021-07-16,Studio Danse 06,Place des Martyrs de la Résistance,,
Antibes,21060004500012,Shakti Danse - Yoga de la Danse - Summer Pop's Art,2021-07-16,2021-07-16,Le Bonheur est dans l'éveil,Parc Exflora ,,
Antibes,21060004500012,Nocturne Estivale Pétanque,2021-07-16,2021-07-16,AS Fontonne Boule,Clos Borriglion,,
Antibes,21060004500012,St Marie Madeleine,2021-07-17,2021-07-17,AS Fontonne Boule + Comité des Fêtes de la Fontonne,Clos Borriglion,,
Antibes,21060004500012,Circuit training - Summer Pop's Art,2021-07-20,2021-07-20,Direction des Sports de la Ville d'Antibes,Stade des Semboules,,
Antibes,21060004500012,Renforcement Musculaire - Summer Pop's Art,2021-07-21,2021-07-21,Direction des Sports de la Ville d'Antibes,Parc Exflora ,,
Antibes,21060004500012,Squash - Summer Pop's Art,2021-07-21,2021-07-21,Topfit Squash,Pré des Pêcheurs ,,
Antibes,21060004500012,Aquagym en mer - Summer Pop's Art,2021-07-21,2021-07-21,Cercle des Nageurs d'Antibes,Plage du ponteil,,
Antibes,21060004500012,Méditation en musique,2021-07-21,2021-07-21,Meditbliss,Base Nautique du Ponteil,,
Antibes,21060004500012,Initiation Saut à la perche - Summer Pop's Art,2021-07-22,2021-07-22,Direction des Sports de la Ville d'Antibes,Stade du Fort Carré,,
Antibes,21060004500012,Salsa Batchata - swing - Danses en ligne Summer Pop's Art,2021-07-23,2021-07-23,Studio Danse 06,Place des Martyrs de la Résistance,,
Antibes,21060004500012,Salsa Cubaine et Batchata Dominiquaine - Summer Pop's Art,2021-07-23,2021-07-23,Somos Latinos ,Place Mariejol,,
Antibes,21060004500012,Initiation Badminton - Summer Pop's Art,2021-07-23,2021-07-23,Badminton Club d'Antibes,Pré des Pêcheurs ,,
Antibes,21060004500012,Nocturne Estivale Pétanque,2021-07-23,2021-07-23,AS Fontonne Boule,Clos Borriglion,,
Antibes,21060004500012,Squash - Summer Pop's Art,2021-07-26,2021-07-26,Topfit Squash,Topfit squash,,
Antibes,21060004500012,Pilates - Summer pop's Art,2021-07-27,2021-07-27,Direction des Sports de la Ville d'Antibes,Parc Exflora ,,
Antibes,21060004500012,Squash - Summer Pop's Art,2021-07-28,2021-07-28,Topfit Squash,Pré des Pêcheurs ,,
Antibes,21060004500012,Cuisses Abdos Fessiers - Summer Pop's Art,2021-07-28,2021-07-28,Direction des Sports de la Ville d'Antibes,Stade Nautique d'Antibes,,
Antibes,21060004500012,Aquagym en mer - Summer Pop's Art,2021-07-28,2021-07-28,Cercle des Nageurs d'Antibes,Plage du ponteil,,
Antibes,21060004500012,Méditation en musique,2021-07-28,2021-07-28,Meditbliss,Base Nautique du Ponteil,,
Antibes,21060004500012,Ultimate Frisbee ,2021-07-29,2021-07-29,Direction des Sports de la Ville d'Antibes,Stade Gilbert Auvergne,,
Antibes,21060004500012,Mondial Footvolley,2021-07-30,2021-08-01,Association FootVolley Antibes,Square Gould,,
Antibes,21060004500012,Salsa Cubaine et Batchata Dominiquaine - Summer Pop's Art,2021-07-30,2021-07-30,Somos Latinos ,Place Mariejol,,
Antibes,21060004500012,Shakti Danse - Yoga de la Danse - Summer Pop's Art,2021-07-30,2021-07-30,Le Bonheur est dans l'éveil,Parc Exflora ,,
Antibes,21060004500012,Nocturne Estivale Pétanque,2021-07-30,2021-07-30,AS Fontonne Boule,Clos Borriglion,,
Antibes,21060004500012,Tir à l'arc - Summer Pop's Art,2021-08-03,2021-08-03,Direction des Sports de la Ville d'Antibes,Stade des Semboules,,
Antibes,21060004500012,Biodonza - Summer Pop's Art,2021-08-03,2021-08-03,Association Bel Hêtre,Base Nautique du Ponteil,,
Antibes,21060004500012,Circuit training - Summer Pop's Art,2021-08-04,2021-08-04,Direction des Sports de la Ville d'Antibes,Stade Nautique d'Antibes,,
Antibes,21060004500012,Aquagym en mer - Summer Pop's Art,2021-08-04,2021-08-04,Cercle des Nageurs d'Antibes,Plage du ponteil,,
Antibes,21060004500012,Stretching - Summer Pop's Art,2021-08-05,2021-08-05,Direction des Sports de la Ville d'Antibes,Base Nautique du Ponteil,,
Antibes,21060004500012,Rock - Summer Pop's Art,2021-08-05,2021-08-05,LM Danse,Pré des Pêcheurs ,,
Antibes,21060004500012,Salsa Batchata - Summer Pop's Art,2021-08-06,2021-08-06,Somos Latinos ,Place Mariejol,,
Antibes,21060004500012,Shakti Danse - Yoga de la Danse - Summer Pop's Art,2021-08-06,2021-08-06,Le Bonheur est dans l'éveil,Parc Exflora ,,
Antibes,21060004500012,Fit Foot - Summer Pop's Art,2021-08-06,2021-08-06,Jeunesse Sportive de Juan-les-Pins,Pré des Pêcheurs ,,
Antibes,21060004500012,Nocturne Estivale Pétanque,2021-08-06,2021-08-06,AS Fontonne Boule,Clos Borriglion,,
Antibes,21060004500012,Pilates - Summer pop's Art,2021-08-10,2021-08-10,Direction des Sports de la Ville d'Antibes,Parc Exflora ,,
Antibes,21060004500012,Biodonza - Summer Pop's Art,2021-08-10,2021-08-10,Association Bel Hêtre,Base Nautique du Ponteil,,
Antibes,21060004500012,Circuit training - Summer Pop's Art,2021-08-11,2021-08-11,Direction des Sports de la Ville d'Antibes,Fort Carré,,
Antibes,21060004500012,Aquagym en mer - Summer Pop's Art,2021-08-11,2021-08-11,Cercle des Nageurs d'Antibes,Plage du ponteil,,
Antibes,21060004500012,Stretching - Summer Pop's Art,2021-08-12,2021-08-12,Direction des Sports de la Ville d'Antibes,Parc Exflora ,,
Antibes,21060004500012,Rock - Summer Pop's Art,2021-08-12,2021-08-12,LM Danse,Pré des Pêcheurs ,,
Antibes,21060004500012,Salsa Batchata - Summer Pop's Art,2021-08-13,2021-08-13,Somos Latinos ,Place Mariejol,,
Antibes,21060004500012,Nocturne Estivale Pétanque,2021-08-13,2021-08-13,AS Fontonne Boule,Clos Borriglion,,
Antibes,21060004500012,Squash - Summer Pop's Art,2021-08-16,2021-08-16,Topfit Squash,Pré des Pêcheurs ,,
Antibes,21060004500012,Marche active - Summer Pop's Art,2021-08-17,2021-08-17,Direction des Sports de la Ville d'Antibes,Place Nationale,,
Antibes,21060004500012,Biodonza - Summer Pop's Art,2021-08-17,2021-08-17,Association Bel Hêtre,Base Nautique du Ponteil,,
Antibes,21060004500012,Initiation Saut à la perche - Summer Pop's Art,2021-08-18,2021-08-18,Direction des Sports de la Ville d'Antibes,Fort Carré,,
Antibes,21060004500012,Aquagym en mer - Summer Pop's Art,2021-08-18,2021-08-18,Cercle des Nageurs d'Antibes,Plage du ponteil,,
Antibes,21060004500012,Pétanque - Summer Pop's Art,2021-08-19,2021-08-19,Direction des Sports de la Ville d'Antibes,Base Nautique du Ponteil,,
Antibes,21060004500012,Zumba - Summer Pop's Art,2021-08-19,2021-08-19,Sport et Culture 06,Pinède Gould,,
Antibes,21060004500012,Salsa Batchata - Summer Pop's Art,2021-08-20,2021-08-20,Somos Latinos ,Place Mariejol,,
Antibes,21060004500012,Nocturne Estivale Pétanque,2021-08-20,2021-08-20,AS Fontonne Boule,Clos Borriglion,,
Antibes,21060004500012,Salsa Batchata - swing - Danses en ligne Summer Pop's Art,2021-08-20,2021-08-20,Studio Danse 06,Place des Martyrs de la Résistance,,
Antibes,21060004500012,Squash - Summer Pop's Art,2021-08-20,2021-08-20,Topfit Squash,Topfit squash,,
Antibes,21060004500012,Initiation Badminton - Summer Pop's Art,2021-08-20,2021-08-20,Badminton Club d'Antibes,Pré des Pêcheurs ,,
Antibes,21060004500012,Zumba - Summer Pop's Art,2021-08-20,2021-08-20,Pro Vie Danse,Place des Martyrs de la Résistance,,
Antibes,21060004500012,Tournoi Open Jeunes Tennis,2021-08-20,2021-08-27,Tennis Club d'Antibes,Tennis Jules Grec,,
Antibes,21060004500012,Challenge Marc GRILLI ,2021-08-23,2021-08-23,Belles Rives Ski Nautique Club,Ponton du Belles Rives,,
Antibes,21060004500012,Cuisses Abdos fessiers - Summer Pop's Art,2021-08-24,2021-08-24,Direction des Sports de la Ville d'Antibes,Parc Exflora ,,
Antibes,21060004500012,Biodonza - Summer Pop's Art,2021-08-24,2021-08-24,Association Bel Hêtre,Base Nautique du Ponteil,,
Antibes,21060004500012,Aquagym en mer - Summer Pop's Art,2021-08-25,2021-08-25,Cercle des Nageurs d'Antibes,Plage du ponteil,,
Antibes,21060004500012,Beach Volley - Summer Pop's Art,2021-08-25,2021-08-25,Direction des Sports de la Ville d'Antibes,Fort Carré,,
Antibes,21060004500012,Squash - Summer Pop's Art,2021-08-25,2021-08-25,Topfit Squash,Pré des Pêcheurs ,,
Antibes,21060004500012,Ultimate Frisbee ,2021-08-26,2021-08-26,Direction des Sports de la Ville d'Antibes,Fort Carré,,
Antibes,21060004500012,Zumba - Summer Pop's Art,2021-08-26,2021-08-26,Sport et Culture 06,Pinède Gould,,
Antibes,21060004500012,Shakti Danse - Yoga de la Danse - Summer Pop's Art,2021-08-27,2021-08-27,Le Bonheur est dans l'éveil,Parc Exflora ,,
Antibes,21060004500012,Squash - Summer Pop's Art,2021-08-27,2021-08-27,Topfit Squash,Topfit squash,,
Antibes,21060004500012,Salsa Batchata - Summer Pop's Art,2021-08-27,2021-08-27,Somos Latinos ,Place Mariejol,,
Antibes,21060004500012,Salsa Batchata - swing - Danses en ligne Summer Pop's Art,2021-08-27,2021-08-27,Studio Danse 06,Place des Martyrs de la Résistance,,
Antibes,21060004500012,Nocturne Estivale Pétanque,2021-08-27,2021-08-27,AS Fontonne Boule,Clos Borriglion,,
Antibes,21060004500012,Arts Vietnamiens - Summer Pop's Art,2021-08-28,2021-08-28,Association Art et Culture d'Asie,Pré des Pêcheurs ,,
Antibes,21060004500012,Nocturne Estivale Pétanque,2021-09-03,2021-09-03,AS Fontonne Boule,Clos Borriglion,,
Antibes,21060004500012,Fête de la Jeunesse et des Sports,2021-09-05,2021-09-05,Direction des Sports de la Ville d'Antibes,Stade du Fort Carré,,
Antibes,21060004500012,Tournoi International Vétérans 2,2021-09-05,2021-09-11,Tennis Club d'Antibes,Tennis Jules Grec,,
Antibes,21060004500012,Jeux de Sophia - Tir à l'arc,2021-09-06,2021-09-28,Sophia Club Entreprises,ZI des 3 Moulins,,
Antibes,21060004500012,Rassemblement + 55 ans ,2021-09-09,2021-09-12,ASF Antibes Hockey,Terrain N°3 de la Fontonne,,
Antibes,21060004500012,Tournoi de Pré-saison U12-U13,2021-09-11,2021-09-11,AS Fontonne Football,Terrain N°1 de la Fontonne,,
Antibes,21060004500012,Match de Leaders Cup ProB 2021-2022,2021-09-17,2021-09-17,Sharks d'Antibes,Azurarena Antibes ,,
Antibes,21060004500012,Tournoi de Pré-saison U12-U13,2021-09-18,2021-09-18,AS Fontonne Football,Terrain N°1 de la Fontonne,,
Antibes,21060004500012,Match de Leaders Cup ProB 2021-2022,2021-09-24,2021-09-24,Sharks d'Antibes,Azurarena Antibes ,,
Antibes,21060004500012,Course aux Points Top Cycle ,2021-09-25,2021-09-25,Olympique Cyclo Club d'Antibes,Cannes La Bocca,,
Antibes,21060004500012,Nuit du Hand  ,2021-09-25,2021-09-25,OAJLP Handball,Salle Saint Claude,,
Antibes,21060004500012,Ti-Plage ,2021-10-02,2021-10-02,BDE Polytech Nice Sophia,Plage du Pont du Lys,,
Antibes,21060004500012,REPORT du 56ème Rallye d'Antibes,2021-10-06,2021-10-09,Association Sportive Automobile;Rallye Antibes Association,Antibes,,
Antibes,21060004500012,Tournoi Beach Rugby,2021-10-09,2021-10-09,Esprit Passion Ovale Skéma Business School,Plage du Pont du Lys,,
Antibes,21060004500012,Régate NAPOLEON ,2021-10-10,2021-10-10,Société des Régates d'Antibes,Port Vauban,,
Antibes,21060004500012,Régate Modèle Réduit VCR-RG65,2021-10-10,2021-10-10,Société des Régates d'Antibes,Base Nautique de la Salis,,
Antibes,21060004500012,42ème COURIR POUR UNE FLEUR,2021-10-16,2021-10-17,Direction des Sports de la Ville d'Antibes,Stade du fort carré,Square Gould de Juan les Pins,Cap d'Antibes
Antibes,21060004500012,2ème journée du championnat de Pro B 2021-2022,2021-10-22,2021-10-22,Sharks d'Antibes,Azurarena Antibes ,,
Antibes,21060004500012,4ème journée du championnat de Pro B 2021-2022,2021-11-05,2021-11-05,Sharks d'Antibes,Azurarena Antibes ,,
Antibes,21060004500012,CROSS Du Poilu ,2021-11-09,2021-11-09,Direction des Sports de la Ville d'Antibes,Stade du Fort Carré,,
Antibes,21060004500012,5ème journée du championnat de Pro B 2021-2022,2021-11-09,2021-11-09,Sharks d'Antibes,Azurarena Antibes ,,
Antibes,21060004500012,CROSS du Fort Carré,2021-11-13,2021-11-13,ERAA,Stade du Fort Carré,,
Antibes,21060004500012,7ème journée du championnat de Pro B 2021-2022,2021-11-19,2021-11-19,Sharks d'Antibes,Azurarena Antibes ,,
Antibes,21060004500012,Tournoi de Footvolley ,2021-11-21,2021-11-21,Association FootVolley Antibes,Terrains de Beach du Fort Carré,,
Antibes,21060004500012,Marathon Nice - Cannes,2021-11-28,2021-11-28,Azur Sport Organisation,Antibes,,
Antibes,21060004500012,Téléthon,2021-12-04,2021-12-04,Direction Animation et Activités Culturelles,Place Nationale,,
Antibes,21060004500012,Azur Contest de skate,2021-12-05,2021-12-05,Azur Skate Board,Stade du Fort Carré,,
Antibes,21060004500012,9ème journée du championnat de Pro B 2021-2022,2021-12-10,2021-12-10,Sharks d'Antibes,Azurarena Antibes ,,
Antibes,21060004500012,Triathlon de la St Sylvestre ,2021-12-12,2021-12-12,Antibes Triathlon ,Pinède Gould,,
Antibes,21060004500012,Hand Ensemble,2021-12-16,2021-12-16,OAJLP Handball,Salle Saint Claude,,
Antibes,21060004500012,Report du Rassemblement UFOLEP ,2021-12-19,2021-12-19,Olympique Cyclo Club d'Antibes,Square Albert 1er,,
Antibes,21060004500012,11ème journée du championnat de Pro B 2021-2022,2021-12-23,2021-12-23,Sharks d'Antibes,Azurarena Antibes ,,
Antibes,21060004500012,Test Selection GAC ELITE,2022-01-14,2022-01-16,,Azurarena Antibes ,,
Antibes,21060004500012,14ème journée du championnat de Pro B 2021-2022,2022-01-21,2022-01-21,Sharks d'Antibes,Azurarena Antibes ,,
Antibes,21060004500012,Test Selection Pole France Trampoline,2022-01-22,2022-01-22,,Azurarena Antibes ,,
Antibes,21060004500012,Compétition Tennis de Table,2022-01-22,2022-01-23,OAJLP Tennis de Table,Azurarena Antibes ,,
Antibes,21060004500012,5ème Cyclocross des Semboules,2022-01-23,2022-01-23,Olympique Cyclo Club d'Antibes,Parc des Semboules,,
Antibes,21060004500012,Matinée Football,2022-01-23,2022-01-23,Jeunesse Sportive de Juan-les-Pins,Stade Gilbert Auvergne,,
Antibes,21060004500012,Compétition Club Trampoline,2022-01-29,2022-01-30,,Azurarena Antibes ,,
Antibes,21060004500012,Souvenir Albert Triton,2022-01-30,2022-01-30,Antibes Vélo Passion,Parking du Ponteil,,
Antibes,21060004500012,17ème journée du championnat de Pro B 2021-2022,2022-02-04,2022-02-04,Sharks d'Antibes,Azurarena Antibes ,,
Antibes,21060004500012,Compétition Départementale de Gym,2022-02-05,2022-02-05,OAJLP Gymnastique ,Salle Pierre Brochard,,
Antibes,21060004500012,18ème journée du championnat de Pro B 2021-2022,2022-02-08,2022-02-08,Sharks d'Antibes,Azurarena Antibes ,,
Antibes,21060004500012,Régate et Stage d'Optimist,2022-02-13,2022-02-17,Société des Régates d'Antibes,Base Nautique du Ponteil,,
Antibes,21060004500012,20ème journée du championnat de Pro B 2021-2022,2022-02-18,2022-02-18,Sharks d'Antibes,Azurarena Antibes ,,
Antibes,21060004500012,Souvenir José Garrido,2022-02-19,2022-02-19,Les Amis de la Pinède,Petite Pinède,Square Gould,
Antibes,21060004500012,Concours SWISS de Pétanque ,2022-02-26,2022-02-26,ASF Boules,Clos Borriglion,,
Antibes,21060004500012,TOP 12 de Gym Antibes contre Oyonnax,2022-02-26,2022-02-26,OAJLP Gymnastique ,Salle Pierre Brochard,,
Antibes,21060004500012,Rassemblement Cycliste,2022-02-27,2022-02-27,Vélo Club Antibois,Esplanade de la Garoupe,,
Antibes,21060004500012,21ème journée du championnat de Pro B 2021-2022,2022-03-04,2022-03-04,Sharks d'Antibes,Azurarena Antibes ,,
Antibes,21060004500012,Compétition Départementale de Gym,2022-03-05,2022-03-05,OAJLP Gymnastique ,Salle Pierre Brochard,,
Antibes,21060004500012,Grand Prix des Amis de la Pinède,2022-03-10,2022-03-10,Les Amis de la Pinède,Petite Pinède,Square Gould,
Antibes,21060004500012,Compétition Tennis de Table,2022-03-12,2022-03-13,OAJLP Tennis de Table,Azurarena Antibes ,,
Antibes,21060004500012,24ème journée du championnat de Pro B 2021-2022,2022-03-18,2022-03-18,Sharks d'Antibes,Azurarena Antibes ,,
Antibes,21060004500012,Départemental Triplette,2022-03-19,2022-03-19,AS Fontonne Boule,Clos Borriglion,,
Antibes,21060004500012,Championnat Départ de Tir,2022-03-20,2022-03-20,Tir Sportif d'Antibes,ZI des 3 Moulins,,
Antibes,21060004500012,Ocean Racing ,2022-03-26,2022-03-26,Club Omnisports de Valbonne,Plage du Crouton,,
Antibes,21060004500012,6ème Calvaire Antibois ,2022-03-27,2022-03-27,ASOA section Run & tri,Parking Salis et Cap,,
Antibes,21060004500012,Open Intersport Tennis Vet + Jeunes,2022-03-30,2022-03-30,Tennis Club d'Antibes,Tennis Jules Grec,,
Antibes,21060004500012,26ème journée du championnat de Pro B 2021-2022,2022-04-01,2022-04-01,Sharks d'Antibes,Azurarena Antibes ,,
Antibes,21060004500012,Open Footvolley,2022-04-02,2022-04-02,Association FootVolley Antibes,Stade du Fort Carré,,
Antibes,21060004500012,ASSA Bloc 2022,2022-04-03,2022-04-03,ASSA Escalade,Salle Paul Charpin,,
Antibes,21060004500012,3ème Etape du Tour des Alpes-Maritimes,2022-04-03,2022-04-03,Olympique Cyclo Club d'Antibes,Antibes / BIOT,,
Antibes,21060004500012,27ème journée du championnat de Pro B 2021-2022,2022-04-05,2022-04-05,Sharks d'Antibes,Azurarena Antibes ,,
Antibes,21060004500012,Report du Challenge SARBACANE,2022-04-06,2022-04-06,Handisport Antibes Méditerranée,Salle Saint Claude,,
Antibes,21060004500012,Circuit National de Tir,2022-04-08,2022-04-10,Tir Sportif d'Antibes,ZI des 3 Moulins,,
Antibes,21060004500012,Compétition Tennis de Table,2022-03-09,2022-03-10,OAJLP Tennis de Table,Azurarena Antibes ,,
Antibes,21060004500012,Journée de Qualif de Tir de Precision,2022-04-15,2022-04-15,Etoile Bouliste de la Croix Rouge,Croix Rouge,,
Antibes,21060004500012,29ème journée du championnat de Pro B 2021-2022,2022-04-15,2022-04-15,Sharks d'Antibes,Azurarena Antibes ,,
Antibes,21060004500012,Tournoi de Pâques du FCA,2022-04-16,2022-04-18,Football Club d'Antibes,Stade du Fort Carré,,
Antibes,21060004500012,29ème Challenge Alain CINQUIN,2022-04-16,2022-04-18,ASF Antibes Hockey,Terrain N°3 de la Fontonne,,
Antibes,21060004500012,Coupe Internationale Printemps,2022-04-16,2022-04-24,Société des Régates d'Antibes,Port et Plage Gallice,,
Antibes,21060004500012,Grand Prix des Amis de la Pinède,2022-04-17,2022-04-17,Les Amis de la Pinède,Petite Pinède,Square Gould,
Antibes,21060004500012,Regional Ecole de tir ,2022-04-23,2022-04-23,Tir Sportif d'Antibes,ZI des 3 Moulins,,
Antibes,21060004500012,Hand Ensemble,2022-04-28,2022-04-28,OAJLP Handball,Salle Saint Claude,,
Antibes,21060004500012,31ème journée du championnat de Pro B 2021-2022,2022-04-29,2022-04-29,Sharks d'Antibes,Azurarena Antibes ,,
Antibes,21060004500012,TOP 12 de Gym Antibes contre Oyonnax,2022-04-30,2022-04-30,OAJLP Gymnastique ,Salle Foch,,
Antibes,21060004500012,Finale Basket Fauteuil HandiBasket - Trophée Maurice Schoenacker,2022-04-30,2022-05-01,,Azurarena Antibes ,,
Antibes,21060004500012,Tournoi de Tennis des Semboules,2022-04-30,2022-05-15,ASSA Tennis,Tennis des Semboules,,
Antibes,21060004500012,Tournoi Football JSJLP,2022-05-01,2022-05-01,Jeunesse Sportive de Juan-les-Pins,Stade Gilbert Auvergne,,
Antibes,21060004500012,Ocean Canoe Experience,2022-05-01,2022-05-01,Antibes Skoal,Base Nautique du Ponteil,,
Antibes,21060004500012,Tournoi 3X3,2022-05-04,2022-05-04,,Azurarena Antibes ,,
Antibes,21060004500012,Les Harlems Globe Trotter,2022-05-06,2022-05-06,,Azurarena Antibes ,,
Antibes,21060004500012,Match amical Club,2022-05-08,2022-05-08,Tir Sportif d'Antibes,ZI des 3 Moulins,,
Antibes,21060004500012,Tournoi du 8 mai,2022-05-08,2022-05-08,CDJ Antibes,Stade des 3 moulins,,
Antibes,21060004500012,Open de Tennis Adultes,2022-05-12,2022-05-27,Tennis Club d'Antibes,Tennis Jules Grec,,
Antibes,21060004500012,34ème journée du championnat de Pro B 2021-2022,2022-05-13,2022-05-13,Sharks d'Antibes,Azurarena Antibes ,,
Antibes,21060004500012,Nuit du Hand ,2022-05-14,2022-05-14,OAJLP Handball,Salle Saint Claude,,
Antibes,21060004500012,Départemental 25/50m,2022-05-14,2022-05-15,Tir Sportif d'Antibes,ZI des 3 Moulins,,
Antibes,21060004500012,24h de nage avec palme,2022-05-14,2022-05-15,Spondyle Club d'Antibes,Stade Nautique d'Antibes,,
Antibes,21060004500012,La Boule Chantante,2022-05-14,2022-05-14,Les Amis de la Pinède - La main tendue,Petite pinède,,
Antibes,21060004500012,Concours d'Agility,2022-05-15,2022-05-15,Amicale du Chien de Travail d'Antibes,ZI des 3 Moulins,,
Antibes,21060004500012,Coupe de France de Beach Volley ,2022-05-15,2022-05-15,OAJLP Volley-ball,Terrains de beach du fort carré,,
Antibes,21060004500012,Jeux de Sophia - Tir à l'arc,2022-05-16,2022-05-17,Sophia Club Entreprises,Stand de tir à l'arc des 3 moulins,,
Antibes,21060004500012,57ème Rallye d'Antibes et Super Spéciale,2022-05-19,2022-05-22,Association Sportive Automobile;Rallye Antibes Association,Pré des Pêcheurs,Avenue du 11 novembre,
Antibes,21060004500012,Jeux de Sophia - Tir à l'arc,2022-05-20,2022-05-20,Sophia Club Entreprises,Stand de tir à l'arc des 3 moulins,,
Antibes,21060004500012,59ème Challenge DENAPE,2022-05-21,2022-05-22,Compagnie d'Arc d'Antibes,Stand de tir à l'arc des 3 moulins,,
Antibes,21060004500012,Tournoi de Footvolley ,2022-05-22,2022-05-22,Association FootVolley Antibes,Terrains de beach du fort carré,,
Antibes,21060004500012,Jeux de Sophia - Tir à l'arc,2022-05-23,2022-05-24,Sophia Club Entreprises,Stand de tir à l'arc des 3 moulins,,
Antibes,21060004500012,Pro B - Playoffs Accession 2021-2022,2022-05-23,2022-05-23,Sharks d'Antibes,Azurarena Antibes ,,
Antibes,21060004500012,Raid UNSS Antibes 2022,2022-05-25,2022-05-25,UNSS Nice,Plage du Ponteil,,
Antibes,21060004500012,TOP 12 de Gym 1/2 Finale,2022-05-26,2022-05-26,OAJLP Gymnastique ,Salle Pierre Brochard,,
Antibes,21060004500012,Tournoi Football N°2 JSJLP,2022-05-26,2022-05-26,Jeunesse Sportive de Juan-les-Pins,Stade Gilbert Auvergne,,
Antibes,21060004500012,Tournoi International des Vétérans,2022-05-26,2022-05-28,AS Fontonne Football,Stade Docteur Léger,,
Antibes,21060004500012,Concours d'Agility,2022-05-28,2022-05-29,Amicale du Chien de travail d'Antibes,ZI des 3 Moulins,,
Antibes,21060004500012,Tournoi Football N°3 JSJLP,2022-05-29,2022-05-29,Jeunesse Sportive de Juan-les-Pins,Stade Gilbert Auvergne,,
Antibes,21060004500012,Pro B - Playoffs Accession 2021-2022,2022-05-29,2022-05-29,Sharks d'Antibes,Azurarena Antibes ,,
Antibes,21060004500012,Jeux de Sophia - Tir à l'arc,2022-05-30,2022-05-31,Sophia Club Entreprises,Stand de tir à l'arc des 3 moulins,,
Antibes,21060004500012,Jeux de Sophia - Tir à l'arc,2022-06-02,2022-06-02,Sophia Club Entreprises,Stand de tir à l'arc des 3 moulins,,
Antibes,21060004500012,Sport- Co Challenge- Handball,2022-06-02,2022-06-02,Riviera Tag Rugby,Salle Saint Claude,,
Antibes,21060004500012,Jeux de Sophia - Tir à l'arc,2022-06-03,2022-06-03,Sophia Club Entreprises,Stand de tir à l'arc des 3 moulins,,
Antibes,21060004500012,Tournoi International U15,2022-06-03,2022-06-05,OAJLP Basket,Stade Foch,,
Antibes,21060004500012,13ème Edition Handiboise,2022-06-04,2022-06-04,Société des Régates d'Antibes,Antibes,,
Antibes,21060004500012,Concours Débutants de Tir à L'Arc,2022-06-04,2022-06-04,Compagnie d'Arc d'Antibes,Stand de tir des 3 moulins ,,
Antibes,21060004500012,Pro B - Playoffs Accession 2021-2022,2022-06-04,2022-06-04,Sharks d'Antibes,Azurarena Antibes ,,
Antibes,21060004500012,Tournoi International Jeunes,2022-06-04,2022-06-06,AS Fontonne Football,Stade Docteur Léger,,
Antibes,21060004500012,Semaine Bouliste du Chataignier,2022-06-04,2022-06-07,Amicale Bouliste du Châtaignier,Clos du Châtaignier,,
Antibes,21060004500012,Jeux de Sophia - Tir à l'arc,2022-06-07,2022-06-07,Sophia Club Entreprises,Stand de tir à l'arc des 3 moulins,,
Antibes,21060004500012,Jeux de Sophia - Tir à l'arc,2022-06-09,2022-06-09,Sophia Club Entreprises,Stand de tir à l'arc des 3 moulins,,
Antibes,21060004500012,Sport- Co Challenge- VolleyBall,2022-06-09,2022-06-09,Riviera Tag Rugby,Salle Bertone,,
Antibes,21060004500012,Cross des 3ème du Collège Roustan,2022-06-10,2022-06-10,Collège Roustan,Stade du Fort Carré,,
Antibes,21060004500012,Prix Roger BORRIGLION,2022-06-11,2022-06-11,ASF Boules,Clos Borriglion,,
Antibes,21060004500012,Pro B - Playoffs Accession 2021-2022,2022-06-11,2022-06-11,Sharks d'Antibes,Azurarena Antibes ,,
Antibes,21060004500012,Trust Yourself Contest,2022-06-11,2022-06-12,Club des Jeunes,Stade des 3 moulins,,
Antibes,21060004500012,L'eau pour Rayonner,2022-06-11,2022-06-11,Autisme,Stade Nautique d'Antibes,,
Antibes,21060004500012,Challende BELMAS,2022-06-11,2022-06-12,Rugby Club Sophia Antipolis,Stade Gilbert Auvergne,,
Antibes,21060004500012,Open Footvolley,2022-06-11,2022-06-11,Association FootVolley Antibes,Stade du Fort Carré,,
Antibes,21060004500012,Tournoi de Football reduit Jeunes,2022-06-11,2022-06-11,AS Fontonne Football,Stade Docteur Léger,,
Antibes,21060004500012,Répétition spectacle Ecole de danse,2022-06-11,2022-06-18,Association Pro Dance,Salle Saint Claude,,
Antibes,21060004500012,Sport- Co Challenge- Tag Rugby,2022-06-16,2022-06-16,Riviera Tag Rugby,Stade du Fort Carré,,
Antibes,21060004500012,Tournée Handivoile 06,2022-06-17,2022-06-17,Département des Alpes-Maritimes,Base Nautique du Ponteil,,
Antibes,21060004500012,Nocturne N°1 de Pétanque ,2022-06-17,2022-06-17,ASF Boules,Clos Borriglion,,
Antibes,21060004500012,Gala Annuel de Gym ,2022-06-18,2022-06-18,OAJLP Gymnastique ,Salle Pierre Brochard,,
Antibes,21060004500012,Répétition spectacle Ecole de danse,2022-06-18,2022-06-18,Association Pro Dance,Salle Foch,,
Antibes,21060004500012,Traversée de l'Espoir ,2022-06-18,2022-06-18,Le chemin de Maëlline,Base Nautique du Ponteil,,
Antibes,21060004500012,Régional de tir ,2022-06-18,2022-06-19,Tir Sportif d'Antibes,Stand de tir des 3 moulins ,,
Antibes,21060004500012,Azur Contest,2022-06-19,2022-06-19,Azur Skate Board,Stade du Fort Carré,,
Antibes,21060004500012,Rand Cycliste Sapaudia-Monoikos,2022-06-20,2022-06-20,Association La Splaudia,Antibes,,
Antibes,21060004500012,Yoga au Lever du Soleil,2022-06-21,2022-06-21,Institut Français de Yoga Provence Alpes Côte d'Azur,Plage du Ponteil,,
Antibes,21060004500012,2ème Edition Tournoi tennis Ballon,2022-06-22,2022-06-22,Jeunesse Sportive de Juan-les-Pins,Stade Gilbert Auvergne,,
Antibes,21060004500012,Sport- Co Challenge- Football,2022-06-23,2022-06-25,Riviera Tag Rugby,Stade du Fort Carré,,
Antibes,21060004500012,Journée Olympique ,2022-06-24,2022-06-24,CDOS 06,Stade du Fort Carré,,
Antibes,21060004500012,Nocturne N°2 de Pétanque ,2022-06-24,2022-06-24,ASF Boules,Clos Borriglion,,
Antibes,21060004500012,Tournoi ,2022-06-25,2022-06-26,Football Club d'Antibes,Stade du Fort carré,,
Antibes,21060004500012,Tournoi ,2022-06-25,2022-06-26,OAJLP Volley-Ball,Stade du Fort Carré,,
Antibes,21060004500012,Sport- Co Challenge- Basket-Ball,2022-06-30,2022-06-30,Riviera Tag Rugby,Salle Foch,,
Antibes,21060004500012,Nocturne N°3 de Pétanque ,2022-07-01,2022-07-01,ASF Boules,Clos Borriglion,,
Antibes,21060004500012,Festival Capoeira Côte d'Azur,2022-07-02,2022-07-02,Arte Brasil,Stade Foch,,
Antibes,21060004500012,Selectif Championnat Fédéral Nocturne ,2022-07-02,2022-07-02,Compagnie d'Arc d'Antibes,Stand de tir des 3 moulins ,,
Antibes,21060004500012,Souvenir Pierre Angelini,2022-07-02,2022-07-02,Les Pétanquiers du port d'Antibes,Stade du Fort Carré,,
Antibes,21060004500012,SUMMER POP ART Skate,2022-07-02,2022-07-02,Azur Skate Board,Pré des Pêcheurs,Avenue du 11 novembre,
Antibes,21060004500012,Pétanque la Fontonne,2022-07-02,2022-07-02,Association des Commerçants,Place Jean Aude La Fontonne,,
Antibes,21060004500012,Souvenir Michel DEBORD,2022-07-03,2022-07-03,Les Pétanquiers du port d'Antibes,Stade du Fort Carré,,
Antibes,21060004500012,Coupe de France de beach volley ,2022-07-03,2022-07-03,OAJLP Volley-Ball,Terrains de beach du fort carré,,
Antibes,21060004500012,Prix des Commerçants,2022-07-04,2022-07-04,Les Pétanquiers du port d'Antibes,Stade du Fort Carré,,
Antibes,21060004500012,Stage Camp d'été Pole Trampoline,2022-07-04,2022-07-08,,Azurarena Antibes ,,
Antibes,21060004500012,SUMMER POP ART Biodanza,2022-07-05,2022-07-05,Association Bel Hêtre,Base Nautique du Ponteil,,
Antibes,21060004500012,SUMMER POP ART Aquagym,2022-07-06,2022-07-06,Cercle des Nageurs d'Antibes,Ponteil,,
Antibes,21060004500012,SUMMER POP ART Longe Côte,2022-07-07,2022-07-07,Wild Move ,Plage de la Salis,,
Antibes,21060004500012,SUMMER POP ART Danse,2022-07-08,2022-07-08,Studio Danse,Pré des Pêcheurs,Avenue du 11 novembre,
Antibes,21060004500012,Nocturne N°4 de Pétanque ,2022-07-08,2022-07-08,ASF Boules,Clos Borriglion,,
Antibes,21060004500012,SUMMER POP ART Ski Nautique,2022-07-09,2022-07-09,Belles Rives Ski Nautique Club,Ponton du Belles Rives,,
Antibes,21060004500012,Jeux de Sophia - Tir à l'arc,2022-07-09,2022-07-09,Sophia Club Entreprises,Stand de tir à l'arc des 3 moulins,,
Antibes,21060004500012,SUMMER POP ART Marche active,2022-07-11,2022-07-11,Direction des Sports de la Ville d'Antibes,Place Nationale,,
Antibes,21060004500012,SUMMER POP ART Aquagym,2022-07-11,2022-07-11,Direction des Sports de la Ville d'Antibes,Stade Nautique d'Antibes,,
Antibes,21060004500012,SUMMER POP ART Stretching,2022-07-11,2022-07-11,Direction des Sports de la Ville d'Antibes,Stade Nautique d'Antibes,,
Antibes,21060004500012,SUMMER POP ART Biodanza,2022-07-12,2022-07-12,Association Bel Hêtre,Base Nautique du Ponteil,,
Antibes,21060004500012,SUMMER POP ART Aquagym,2022-07-13,2022-07-13,Cercle des Nageurs d'Antibes,Ponteil,,
Antibes,21060004500012,SUMMER POP ART Pilates,2022-07-13,2022-07-13,Direction des Sports de la Ville d'Antibes,Stade Nautique d'Antibes,,
Antibes,21060004500012,SUMMER POP ART Danse,2022-07-15,2022-07-15,Studio Danse,Pré des Pêcheurs,Avenue du 11 novembre,
Antibes,21060004500012,Nocturne N°5 de Pétanque ,2022-07-15,2022-07-15,ASF Boules,Clos Borriglion,,
Antibes,21060004500012,SUMMER POP ART Tir à l'Arc,2022-07-18,2022-07-18,Direction des Sports de la Ville d'Antibes,Stade des Semboules,,
Antibes,21060004500012,SUMMER POP ART Stretching,2022-07-18,2022-07-18,Direction des Sports de la Ville d'Antibes,Stade Nautique d'Antibes,,
Antibes,21060004500012,SUMMER POP ART Biodanza,2022-07-19,2022-07-19,Association Bel Hêtre,Base Nautique du Ponteil,,
Antibes,21060004500012,SUMMER POP ART Aquagym,2022-07-20,2022-07-20,Direction des Sports de la Ville d'Antibes,Stade Nautique d'Antibes,,
Antibes,21060004500012,SUMMER POP ART Circuit Training,2022-07-20,2022-07-20,Direction des Sports de la Ville d'Antibes,Stade Nautique d'Antibes,,
Antibes,21060004500012,SUMMER POP ART Aquagym,2022-07-20,2022-07-20,Cercle des Nageurs d'Antibes,Ponteil,,
Antibes,21060004500012,SUMMER POP ART Badminton,2022-07-22,2022-07-22,Badminton Club d'Antibes,Pré des Pêcheurs,Avenue du 11 novembre,
Antibes,21060004500012,Nocturne N°6 de Pétanque ,2022-07-22,2022-07-22,ASF Boules,Clos Borriglion,,
Antibes,21060004500012,SUMMER POP ART Ski Nautique,2022-07-23,2022-07-23,Belles Rives Ski Nautique Club,Ponton du Belles Rives,,
Antibes,21060004500012,Baptêmes de plongées ,2022-07-24,2022-07-24,Handisub 06,Handi Plage de la Salis,,
Antibes,21060004500012,SUMMER POP ART Longe Côte,2022-07-25,2022-07-25,Wild Move ,Plage de la Salis,,
Antibes,21060004500012,SUMMER POP ART Stretching,2022-07-25,2022-07-25,Direction des Sports de la Ville d'Antibes,Stade Nautique d'Antibes,,
Antibes,21060004500012,SUMMER POP ART Biodanza,2022-07-26,2022-07-26,Association Bel Hêtre,Base Nautique du Ponteil,,
Antibes,21060004500012,SUMMER POP ART Abdos Fessiers,2022-07-27,2022-07-27,Direction des Sports de la Ville d'Antibes,Stade Nautique d'Antibes,,
Antibes,21060004500012,SUMMER POP ART Aquagym,2022-07-27,2022-07-27,Cercle des Nageurs d'Antibes,Ponteil,,
Antibes,21060004500012,SUMMER POP ART Marche active,2022-07-27,2022-07-27,Direction des Sports de la Ville d'Antibes,Place Nationale,,
Antibes,21060004500012,Nocturne N°7 de Pétanque ,2022-07-29,2022-07-29,ASF Boules,Clos Borriglion,,
Antibes,21060004500012,SUMMER POP ART Danse,2022-07-29,2022-07-29,Studio Danse,Pré des Pêcheurs,Avenue du 11 novembre,
Antibes,21060004500012,Mondial Footvolley,2022-07-30,2022-07-31,Association FootVolley Antibes,Pinède Gould,,
Antibes,21060004500012,SUMMER POP ART Tir à l'Arc,2022-08-01,2022-08-01,Direction des Sports de la Ville d'Antibes,Stade des Semboules,,
Antibes,21060004500012,SUMMER POP ART Stretching,2022-08-01,2022-08-01,Direction des Sports de la Ville d'Antibes,Stade Nautique d'Antibes,,
Antibes,21060004500012,SUMMER POP ART Biodanza,2022-08-02,2022-08-02,Association Bel Hêtre,Base Nautique du Ponteil,,
Antibes,21060004500012,SUMMER POP ART Aquagym,2022-08-03,2022-08-03,Cercle des Nageurs d'Antibes,Ponteil,,
Antibes,21060004500012,SUMMER POP ART Fitness Run,2022-08-03,2022-08-03,Direction des Sports de la Ville d'Antibes,Base Nautique du Ponteil,,
Antibes,21060004500012,SUMMER POP ART Salsa Batchata,2022-08-05,2022-08-05,Somos Latinos,Place Mariejol,,
Antibes,21060004500012,Nocturne N°8 de Pétanque ,2022-08-05,2022-08-05,ASF Boules,Clos Borriglion,,
Antibes,21060004500012,SUMMER POP ART Roller,2022-08-06,2022-08-07,Roller Skate Club d'Antibes,Pré des Pêcheurs,Avenue du 11 novembre,
Antibes,21060004500012,SUMMER POP ART Aquagym,2022-08-08,2022-08-08,Direction des Sports de la Ville d'Antibes,Stade Nautique d'Antibes,,
Antibes,21060004500012,SUMMER POP ART Biodanza,2022-08-09,2022-08-09,Association Bel Hêtre,Base Nautique du Ponteil,,
Antibes,21060004500012,SUMMER POP ART Abdos Fessiers,2022-08-10,2022-08-10,Direction des Sports de la Ville d'Antibes,Base Nautique du Ponteil,,
Antibes,21060004500012,SUMMER POP ART Aquagym,2022-08-10,2022-08-10,Cercle des Nageurs d'Antibes,Ponteil,,
Antibes,21060004500012,Nocturne N°9 de Pétanque ,2022-08-12,2022-08-12,ASF Boules,Clos Borriglion,,
Antibes,21060004500012,SUMMER POP ART Salsa Batchata,2022-08-12,2022-08-12,Somos Latinos,Place Mariejol,,
Antibes,21060004500012,Baptêmes de plongées ,2022-08-14,2022-08-14,Handisub 06,Handi Plage de la Salis,,
Antibes,21060004500012,SUMMER POP ART Circuit Training,2022-08-16,2022-08-16,Direction des Sports de la Ville d'Antibes,Stade Nautique d'Antibes,,
Antibes,21060004500012,SUMMER POP ART Biodanza,2022-08-16,2022-08-16,Association Bel Hêtre,Base Nautique du Ponteil,,
Antibes,21060004500012,SUMMER POP ART Renfo Muscu,2022-08-17,2022-08-17,Direction des Sports de la Ville d'Antibes,Stade Nautique d'Antibes,,
Antibes,21060004500012,SUMMER POP ART Aquagym,2022-08-17,2022-08-17,Cercle des Nageurs d'Antibes,Ponteil,,
Antibes,21060004500012,SUMMER POP ART Salsa Batchata,2022-08-19,2022-08-19,Somos Latinos,Place Mariejol,,
Antibes,21060004500012,Nocturne N°10 de Pétanque ,2022-08-19,2022-08-19,ASF Boules,Clos Borriglion,,
Antibes,21060004500012,SUMMER POP ART Danse,2022-08-19,2022-08-19,Studio Danse,Pré des Pêcheurs,Avenue du 11 novembre,
Antibes,21060004500012,SUMMER POP ART Aquagym,2022-08-22,2022-08-22,Direction des Sports de la Ville d'Antibes,Stade Nautique d'Antibes,,
Antibes,21060004500012,Challenge Marc Grilli,2022-08-22,2022-08-22,Belles Rives Ski Nautique Club,Ponton du Belles Rives,,
Antibes,21060004500012,SUMMER POP ART Biodanza,2022-08-23,2022-08-23,Association Bel Hêtre,Base Nautique du Ponteil,,
Antibes,21060004500012,GAC ELITE Stage,2022-08-23,2022-08-25,,Azurarena Antibes ,,
Antibes,21060004500012,SUMMER POP ART Marche active,2022-08-24,2022-08-24,Direction des Sports de la Ville d'Antibes,Place Nationale,,
Antibes,21060004500012,SUMMER POP ART Aquagym,2022-08-24,2022-08-24,Cercle des Nageurs d'Antibes,Ponteil,,
Antibes,21060004500012,Baptêmes de plongées ,2022-08-24,2022-08-24,Handisub 06,Handi Plage de la Salis,,
Antibes,21060004500012,SUMMER POP ART Danse,2022-08-26,2022-08-26,Studio Danse,Pré des Pêcheurs,Avenue du 11 novembre,
Antibes,21060004500012,SUMMER POP ART Badminton,2022-08-26,2022-08-26,Badminton Club d'Antibes,Pré des Pêcheurs,Avenue du 11 novembre,
Antibes,21060004500012,SUMMER POP ART Salsa Batchata,2022-08-26,2022-08-26,Somos Latinos,Place Mariejol,,
Antibes,21060004500012,Nocturne N°11 de Pétanque ,2022-08-26,2022-08-26,ASF Boules,Clos Borriglion,,
Antibes,21060004500012,Traversée Cors'ar,2022-08-26,2022-09-06,Arch-Event,Mer Antibes calvi Antibes,,
Antibes,21060004500012,Grand prix des verriers,2022-08-27,2022-08-27,Vélo Sprint Biotois,Biot,,
Antibes,21060004500012,SUMMER POP ART Skate,2022-08-28,2022-08-28,Azur Skate Board,Pré des Pêcheurs,Avenue du 11 novembre,
Antibes,21060004500012,Tournoi Jeunes,2022-08-28,2022-08-28,Tennis Club d'Antibes,Tennis Jules Grec,,
Antibes,21060004500012,Nocturne N°12 de Pétanque ,2022-09-02,2022-09-02,ASF Boules,Clos Borriglion,,
Antibes,21060004500012,Souvenir Maéva Podair,2022-09-03,2022-09-03,Les Amis de la Pinède,Square Gould,,
Antibes,21060004500012,Fête de la Jeunesse et des Sports,2022-09-04,2022-09-04,Direction des Sports de la Ville d'Antibes,Stade du Fort Carré,,
Antibes,21060004500012,Régate VRC RG 65,2022-09-04,2022-09-04,Société des Régates d'Antibes,Base Nautique du Ponteil,,
Antibes,21060004500012,Tournoi ITF de Tennis,2022-09-04,2022-09-10,Tennis Club d'Antibes,Tennis Jules Grec,,
Antibes,21060004500012,Tournoi de Pré-saison U12-U13,2022-09-10,2022-09-10,AS Fontonne Football,Stade Docteur Léger,,
Antibes,21060004500012,Concours de Pétanque ,2022-09-11,2022-09-11,Les Amis de la Pinède et Bnai Brith Antibes,Petite Pinède,,
Antibes,21060004500012,"Challenge ""Les Rod's d'Antibes""",2022-09-11,2022-09-11,Sport Santé,Base Nautique du Ponteil,,
Antibes,21060004500012,Agence Spartners Stage Trampoline Club Danois,2022-09-12,2022-09-15,,Azurarena Antibes ,,
Antibes,21060004500012,Tournoi de Pré-saison U10 et U11 ,2022-09-17,2022-09-17,AS Fontonne Football,Stade Docteur Léger,,
Antibes,21060004500012,Riviera Tag Rugby Festival 2022,2022-09-17,2022-09-17,Riviera Tag Rugby,Stade Gilbert Auvergne,,
Antibes,21060004500012,Tournoi International de Hockey ,2022-09-17,2022-09-18,ASF Hockey sur Gazon,Terrain N°3 de la Fontonne,,
Antibes,21060004500012,Tournoi National de Tennis de Table,2022-09-17,2022-09-18,,Azurarena Antibes ,,
Antibes,21060004500012,Nat Voiliers Radio-Commandés,2022-09-23,2022-09-25,VRC de la Société des Régates d'Antibes,Base Nautique du Ponteil,,
Antibes,21060004500012,Tournoi Beach Rugby,2022-09-24,2022-09-24,Esprit Passion Ovale Skéma Business School,Plage du Pont du Lys,,
Antibes,21060004500012,1ère Manche du Championnat de France de Footvolley,2022-09-24,2022-09-25,Association FootVolley Antibes,Terrains de beach du fort carré,,
Antibes,21060004500012,Urban trail de la CASA 20 ans,2022-09-25,2022-09-25,CASA,Azurarena Antibes,Sophia Antipolis,
Antibes,21060004500012,Souvenir Michel ROLANDO,2022-09-27,2022-09-27,Les Amis de la Pinède,Petite Pinède,,
Antibes,21060004500012,Compétition Tennis de Table,2022-10-08,2022-10-09,OAJLP Tennis de Table,Azurarena Antibes ,,
Antibes,21060004500012,2ème Journée du championnat de Pro B 2022-2023,2022-10-14,2022-10-14,Sharks d'Antibes,Azurarena Antibes ,,
Antibes,21060004500012,Tournoi de pétanque,2022-10-15,2022-10-15,ASF Boules,Clos Borriglion,,
Antibes,21060004500012,43ème Edition de Courir pour une Fleur,2022-10-15,2022-10-16,Direction des Sports de la Ville d'Antibes,Stade du Fort Carré,Square Gould,Cap d'Antibes
Antibes,21060004500012,ASSA Bloc 2022,2022-10-16,2022-10-16,ASSA Escalade,Salle Paul Charpin,,
Antibes,21060004500012,Cross du Cœur ,2022-10-20,2022-10-20,Collège Sidney Bechet,Parc Exflora,,
Antibes,21060004500012,Triathlon des Roses ,2022-10-23,2022-10-23,Antibes Triathlon + ARC,Base Nautique du Ponteil,,
Antibes,21060004500012,Tournoi OPEN Jacques GRIMA,2022-10-26,2022-11-26,Tennis Club d'Antibes,Tennis Jules Grec,,
Antibes,21060004500012,ZR Team Open d'Antibes,2022-10-29,2022-10-30,,Azurarena Antibes ,,
Antibes,21060004500012,Marathon Nice - Cannes,2022-10-30,2022-10-30,Azur Sport Organisation,Antibes,,
Antibes,21060004500012,6ème Cyclo-Cross des Semboules,2022-10-30,2022-10-30,Olympique Cyclo Club d'Antibes ,Terrain des Semboules,,
Antibes,21060004500012,Journée Bouliste ,2022-11-01,2022-11-01,ASF Boules et AB des Eucalyptus,Clos Borriglion,,
Antibes,21060004500012,4ème Journée du championnat de Pro B 2022-2023,2022-11-04,2022-11-04,Sharks d'Antibes,Azurarena Antibes ,,
Antibes,21060004500012,Tournoi de Pétanque ,2022-11-05,2022-11-05,ASF Boules,Clos Borriglion,,
Antibes,21060004500012,Compétition Tennis de Table,2022-11-05,2022-11-06,OAJLP Tennis de Table,Azurarena Antibes ,,
Antibes,21060004500012,Equipe Nationale d'Australie Préparation des Trampolinistes pour la Finale des Championnats du Monde,2022-11-08,2022-11-11,,Azurarena Antibes ,,
Antibes,21060004500012,Equipe Nationale du Canada Préparation des Trampolinistes pour la Finale des Championnats du Monde,2022-11-08,2022-11-11,,Azurarena Antibes ,,
Antibes,21060004500012,CROSS du Poilu ,2022-11-10,2022-11-10,Direction des Sports de la Ville d'Antibes,Stade du Fort Carré,,
Antibes,21060004500012,Challenge BELMAS,2022-11-11,2022-11-12,Rugby Club Sophia Antipolis,Stade Gilbert Auvergne,,
Antibes,21060004500012,Rassemblement Emile ALLO,2022-11-13,2022-11-13,Olympique Cyclo Club d'Antibes,Square Albert 1er ,,
Antibes,21060004500012,Cross du Fort carré ,2022-11-19,2022-11-19,ERAA,Stade du Fort Carré,,
Antibes,21060004500012,30ème trophée Hoang Nam ,2022-11-19,2022-11-20,Ecole Hoang Nam,Salle AAA,,
Antibes,21060004500012,6ème Journée du championnat de Pro B 2022-2023,2022-11-25,2022-11-25,Sharks d'Antibes,Azurarena Antibes ,,
Antibes,21060004500012,8ème Journée du championnat de Pro B 2022-2023,2022-12-02,2022-12-02,Sharks d'Antibes,Azurarena Antibes ,,
Antibes,21060004500012,Régate VRC RG 65,2022-12-04,2022-12-04,Société des Régates d'Antibes,Base Nautique du Ponteil,,
Antibes,21060004500012,Compétition Tennis de Table,2022-12-10,2022-12-11,OAJLP Tennis de Table,Azurarena Antibes ,,
Antibes,21060004500012,Triathlon de la St Sylvestre,2022-12-11,2022-12-11,Antibes Triathlon,Square Gould,,
Antibes,21060004500012,Challenge Lesage ,2022-12-11,2022-12-11,Compagnie d'Arc d'Antibes,Stand de tir des 3 moulins ,,
Antibes,21060004500012,Tournoi Orange 7/10 ans,2022-12-11,2022-12-11,Tennis Club d'Antibes,Tennis Jules Grec,,
Antibes,21060004500012,Tournoi Orange 7/10 ans,2022-12-18,2022-12-18,Tennis Club d'Antibes,Tennis Jules Grec,,
Antibes,21060004500012,11ème Journée du championnat de Pro B 2022-2023,2022-12-20,2022-12-20,Sharks d'Antibes,Azurarena Antibes ,,
Antibes,21060004500012,12ème Journée du championnat de Pro B 2022-2023,2022-12-23,2022-12-23,Sharks d'Antibes,Azurarena Antibes ,,
Antibes,21060004500012,Bain du jour de l'An,2023-01-01,2023-01-01,Daye One Antibes,Plage de la Salis ,,
Antibes,21060004500012,Régate de Ligue 420,2023-01-07,2023-01-08,S.R.A,Base Nautique du Ponteil,,
Antibes,21060004500012,Championnat Départemental de gym ,2023-01-14,2023-01-14,OAJLP Gymnastique,Salle Pierre Brochard,,
Antibes,21060004500012,Championnat par équipes d'échec départ et national ,2023-01-15,2023-01-15,Le séchiquiers Antibois,Salle Associative base nautique du Ponteil,,
Antibes,21060004500012,Journée des PMM,2023-01-21,2023-01-21,Ville d'Antibes,Stade du Fort Carré,,
Antibes,21060004500012,Remise des prix ,2023-01-21,2023-01-21,APPA,Club Port Vauban,,
Antibes,21060004500012,Le Calvaire Trail Longe Côte ,2023-01-29,2023-01-29,Wild Move ,Plage de la sallis - bois de la Garoupe,,
Antibes,21060004500012,Souvenir Albert Triton ,2023-01-29,2023-01-29,Antibes Vélo Passion,Parking du Ponteil,,
Antibes,21060004500012,Championnat Départemental par équipe de gym ,2023-02-04,2023-02-04,OAJLP Gymnastique,Salle Pierre Brochard,,
Antibes,21060004500012,Reception Presentation Club ,2023-02-08,2023-02-08,Société des Régates d'Antibes,Base Nautique du Ponteil,,
Antibes,21060004500012,Concours de boules ,2023-02-12,2023-02-12,ASF Boules,Clos Borriglion,,
Antibes,21060004500012,2ème etape tour des AM et VAR,2023-02-18,2023-02-18,Nice Matin ,Azur Arena Antibes,,
Antibes,21060004500012,Concours de boules ,2023-02-18,2023-02-18,ASF Boules,Clos Borriglion,,
Antibes,21060004500012,TOP 12 de Gym,2023-02-25,2023-02-25,OAJLP Gymnastique,Salle Pierre Brochard,,
Antibes,21060004500012,Souvenir José Garido,2023-02-25,2023-02-25,Les Amis de la Pinède,Petite et grande Pinède,,
Antibes,21060004500012,Rassemblement Cycliste,2023-02-26,2023-02-26,Vélo Club Antibois,Parvis de la Chapelle de la Garoupe,,
Antibes,21060004500012,Prepa Fra Handball Fauteuil Euro,2023-03-04,2023-03-04,Handisport Antibes Méditérranée,Salle St Claude,,
Antibes,21060004500012,Souvenir Maeva Podair,2023-03-04,2023-03-04,Les Amis de la Pinède,Clos de la Pinède,,
Antibes,21060004500012,Hand ensemble,2023-03-09,2023-03-09,OAJLP Handball,Salle St Claude,,
Antibes,21060004500012,Tournoi Que du Bad,2023-03-11,2023-03-12,Badminton club d'Antibes,Gymnase de la fontonne,,
Antibes,21060004500012,25 ème Grand Prix de la Ville d'Antibes,2023-03-12,2023-03-12,Judo club d'Antibes,Sallle AAA,,
Antibes,21060004500012,Championnat par équipes d'échec départ et national ,2023-03-12,2023-03-12,Le séchiquiers Antibois,Salle Associative base nautique du Ponteil,,
Antibes,21060004500012,Regate Ligue Optimists,2023-03-12,2023-03-12,SRA,Base Nautique du Ponteil,,
Antibes,21060004500012,Challenge Chardonneau,2023-03-18,2023-03-18,Ecole d'Escrime d'Antibes,Salle St Claude,,
Antibes,21060004500012,Nuit du Hand,2023-03-18,2023-03-18,OAJLP Handball,Salle St Claude,,
Antibes,21060004500012,Championnats de France de Tennis de Table,2023-03-24,2023-03-26,OAJLP Tennis de Table,Salle AAA ,,
Antibes,21060004500012,Tournoi de Basket 3x3 ,2023-03-24,2023-03-26,Sharks d'Antibes,Terrains de 3x3 stade du Fort Carré,,
Antibes,21060004500012,Regate Optimiste 420,2023-03-25,2023-03-26,SRA,Port Gallice,,
Antibes,21060004500012,7ème Calvaire Antibois,2023-03-26,2023-03-26,ASOA section Run & tri,Base Nautique du Ponteil,,
Antibes,21060004500012,Concours en Mer de Chien de sauvetage,2023-04-01,2023-04-02,Assoc Terre Neuve 06,Plage de la Salis ,,
Antibes,21060004500012,Tournoi open senior ,2023-04-08,2023-04-21,Tennis Club d'Antibes,Tennis Jules Grec,,
Antibes,21060004500012,Challenge Alain Cinquin,2023-04-08,2023-04-10,ASF Antibes Hockey,Stade Docteir Léger,,
Antibes,21060004500012,Champ de France Voiture Radio CO,2023-04-08,2023-04-09,Mini Racing Club Antibes,Super Antibes,,
Antibes,21060004500012,Concours d'Agility,2023-04-15,2023-04-16,Amical du Chien de travaill,ZI des 3 Moulins,,
Antibes,21060004500012,Démonstration Trampoline ,2023-04-23,2023-04-23,OAJLP Trampoline - Gym Acro,Place des Martyres de la résistance ,,
Antibes,21060004500012,Demi-national Regate Lasers,2023-04-29,2023-05-01,SRA,"Base Nautique du Ponteil
+ Plage",,
Antibes,21060004500012,Tournoi de football,2023-04-29,2023-05-01,Jeunesse Sportive de Juan les pins,Stade Gilbert Auvergne,,
Antibes,21060004500012,Challenge Regional de tir,2023-05-01,2023-05-01,Tir Sportif d'Antibes,Stand de tir - ZI des 3 moulins,,
Antibes,21060004500012,Tour Amateur de la CASA,2023-05-05,2023-05-05,Velo Sprint Biotois,RD 6098,,
Antibes,21060004500012,Departementaux 25/50m de tir,2023-05-06,2023-05-07,Tir Sportif d'Antibes,Stand de tir - ZI des 3 moulins,,
Antibes,21060004500012,Tournoi inter membres,2023-05-06,2023-06-25,Tennis Club d'Antibes,Tennis Jules Grec,,
Antibes,21060004500012,Tournoi u13 espoirs,2023-05-07,2023-05-08,Club des Jeunes,Stade du Super Antibes,,
Antibes,21060004500012,Triathlon des Jeunes d'Athlétisme,2023-05-13,2023-05-13,E.R.A.A,Stade du Fort Carré,,
Antibes,21060004500012,Nuit du Hand,2023-05-13,2023-05-13,OAJLP Handball,Salle St Claude,,
Antibes,21060004500012,Autour de la trottinette ,2023-05-13,2023-05-13,Association des Commercants de la Fontonne,Place Jean Aude,,
Antibes,21060004500012,Regate VRC,2023-05-14,2023-05-14,SRA,Base nautique Ponteil,,
Antibes,21060004500012,Tournoi Feminin u11 à u15,2023-05-18,2023-05-20,ASF Football,Stade Docteur Léger,,
Antibes,21060004500012,Tournoi reduit u6 à u9,2023-05-18,2023-05-20,ASF Football,Stade Docteur Léger,,
Antibes,21060004500012,58ème Rallye d'Antibes,2023-05-18,2023-05-21,AntibesRallye Association,Pré des Pêcheurs,,
Antibes,21060004500012,60 ème Challenge Denape,2023-05-20,2023-05-21,Compagnie d'arc d'antibes,ZI des 3 Moulins,,
Antibes,21060004500012,UNSS Raid Antibes,2023-05-24,2023-05-24,UNSS Nice,Plage du Ponteil,,
Antibes,21060004500012,Handensemble plage,2023-05-25,2023-05-25,OAJLP Handball,Plage Antibes,,
Antibes,21060004500012,La boule chantante,2023-05-27,2023-05-27,les amis de la Pinède/ La main tendue,Petite Pinède,,
Antibes,21060004500012,14ème Edition Handiboise,2023-05-27,2023-05-27,SRA,Mer Antibes,,
Antibes,21060004500012,Tournoi International Jeunes,2023-05-27,2023-05-29,ASF Football,Stade Docteur Léger,,
Antibes,21060004500012,Jeux de Sophia,2023-05-24,2023-06-22,Sophia Club Entreprise,Stand de tir - ZI des 3 moulins,,
Antibes,21060004500012,EDF Aqua Challenge ,2023-05-28,2023-05-28,C.N.A,Antibes Salis et tour du Cap,,
Antibes,21060004500012,Tournoi Daniel Charles et CASA,2023-06-03,2023-06-04,OAJLP Basket,Stade Foch,,
Antibes,21060004500012,L'eau pour rayonner,2023-06-04,2023-06-05,Autisme,Stade Nautique Antibes,,
Antibes,21060004500012,Champ Cycliste sur Route,2023-06-04,2023-06-04,OCCA,Antibes,,
Antibes,21060004500012,Tournoi Régional Jeunes,2023-06-11,2023-06-11,Compagnie d'arc d'antibes,ZI des 3 Moulins,,
Antibes,21060004500012,Tournée Handi Voile 06,2023-06-16,2023-06-16,Département des AM,Base Nautique du Ponteil,,
Antibes,21060004500012,Tournée Handi Sub 06,2023-06-16,2023-06-16,Comité Dep d'étude et Sport Sous-marin,Plage de la Salis ,,
Antibes,21060004500012,Tournoi Nicolas Cagnasso,2023-06-17,2023-06-17,AMADEUS,Stade Gilbert Auvergne,,
Antibes,21060004500012,Challenge de Noé,2023-06-18,2023-06-18,Tir Sportif d'Antibes,Stand de tir - ZI des 3 moulins,,
Antibes,21060004500012,Yoga au lever du soleil,2023-06-21,2023-06-21,IFYPACA,Plage du Ponteil,,
Antibes,21060004500012,Liaison CM2- 6ème Fersen,2023-06-22,2023-06-22,Collège Fersen,Stade Foch,,
Antibes,21060004500012,Champ France des Maitres,2023-06-22,2023-06-25,CNA,Stade Nautique Antibes,,
Antibes,21060004500012,Défis Olympiques,2023-06-23,2023-06-23,Direction des Sports,Stade Fort Carré,,
Antibes,21060004500012,Tournoi international u15 ,2023-06-23,2023-06-25,OAJLP Basket,Stade Foch,,
Antibes,21060004500012,Tournoi+Assemblée Générale,2023-06-24,2023-06-25,OAJLP Volley-Ball,Stade du Fort Carré,,
Antibes,21060004500012,National Tennis Cup FFT,2023-06-24,2023-07-02,ASOA Tennis,Tennis Paul Charpin,,
Antibes,21060004500012,Fitdays MGEN Triathlon,2023-06-24,2023-06-25,MGEN ,Stade du Fort Carré,,
Antibes,21060004500012,IDEF Course à pied,2023-06-26,2023-06-26,Comexposium,Juan les Pins,,
Antibes,21060004500012,Tournoi Internation d'Antibes,2023-06-27,2023-07-02,Badminton club d'Antibes,Salle St Claude,,
Antibes,21060004500012,Les Olympiades Antiboises,2023-06-28,2023-06-28,Direction jeunesse Loisirs,Stade du Fort Carré,,
Antibes,21060004500012,Souvenir Pierre Angelini,2023-07-01,2023-07-01,Les Petanquiers du Port d'Antibes,Stade du Fort Carré,,
Antibes,21060004500012,Festival Capoeira Cote d'Azur,2023-07-01,2023-07-01,Arte Brasil,Stade Foch,,
Antibes,21060004500012,Fête du Basket ,2023-07-01,2023-07-01,Sharks d'Antibes,Pré des Pêcheurs,,
Antibes,21060004500012,Souvenir Michel Debord,2023-07-02,2023-07-02,Les Petanquiers du Port d'Antibes,Stade du Fort Carré,,
Antibes,21060004500012,Reception des Sportifs,2023-07-03,2023-07-03,Direction des Sports,Stade Nautique Antibes,,
Antibes,21060004500012,Nocturne été n°1,2023-07-07,2023-07-07,AS Fontonne Boules,Clos de Boules Borriglion,,
Antibes,21060004500012,4ème Festival Summer Pop Arts,2023-07-10,2023-08-27,Direction des Sports,Antibes,,
Antibes,21060004500012,Nocturne été n°2,2023-07-14,2023-07-14,AS Fontonne Boules,Clos de Boules Borriglion,,
Antibes,21060004500012,Nocturne été n°3,2023-06-21,2023-06-21,AS Fontonne Boules,Clos de Boules Borriglion,,
Antibes,21060004500012,Nocturne été n°4,2023-07-28,2023-07-28,AS Fontonne Boules,Clos de Boules Borriglion,,
Antibes,21060004500012,Mondial de Footvoley,2023-07-28,2023-07-30,Mondial Footvolley,Square Gould,,
Antibes,21060004500012,Nocturne été n°5,2023-08-04,2023-08-04,AS Fontonne Boules,Clos de Boules Borriglion,,
Antibes,21060004500012,Souvenir Ahmed Laribi,2023-08-05,2023-08-05,Les Petanquiers du Port d'Antibes,Stade du Fort Carré,,
Antibes,21060004500012,Souvenir Denis Del Zoppo,2023-08-06,2023-08-06,Les Petanquiers du Port d'Antibes,Stade du Fort Carré,,
Antibes,21060004500012,Challenge Marc Grilli,2023-08-07,2023-08-07,Belles Rives Ski Nautique ,Belles Rives Ski Nautique ,,
Antibes,21060004500012,Nocturne été n°6,2023-08-11,2023-08-11,AS Fontonne Boules,Clos de Boules Borriglion,,
Antibes,21060004500012,Nocturne été n°7,2023-08-18,2023-08-18,AS Fontonne Boules,Clos de Boules Borriglion,,
Antibes,21060004500012,Tournoi+Repas,2023-08-19,2023-08-19,AS Fontonne Boules,Clos de Boules Borriglion,,
Antibes,21060004500012,Initiation Plongée Handi,2023-08-20,2023-08-24,Comité Dep d'étude et Sport Sous-marin,Plage de la Salis ,,
Antibes,21060004500012,Open de France Junior ligue de Basket 3x3,2023-08-23,2023-08-27,FFBB,Pré des Pêcheurs,,
Antibes,21060004500012,Nocturne été n°8,2023-08-25,2023-08-25,AS Fontonne Boules,Clos de Boules Borriglion,,
Antibes,21060004500012,Nocturne été n°9,2023-09-01,2023-09-01,AS Fontonne Boules,Clos de Boules Borriglion,,
Antibes,21060004500012,Tournoi Pre Saison u10-u11,2023-09-02,2023-09-02,As Fontonne Football,Stade Docteur Léger,,
Antibes,21060004500012,ITF Vétérans Seniors,2023-09-03,2023-09-09,TCA,Tennis Jules Grec,,
Antibes,21060004500012,Tournoi de rentrée,2023-09-09,2023-09-09,OAJLP Basket,Stade Foch,,
Antibes,21060004500012,Tournoi Pre Saison u12-u13,2023-09-09,2023-09-09,As Fontonne Football,Stade Docteur Léger,,
Antibes,21060004500012,Tournoi des 20 ans ,2023-09-09,2023-09-10,Ziggles,Stade Gilbert Auvergne,,
Antibes,21060004500012,Fete de la Jeunesse et des Sports,2023-09-10,2023-09-10,DS/DJL,Stade du Fort Carré,,
Antibes,21060004500012,TI Plage,2023-09-16,2023-09-16,BDS Polytech Nice Sophia,Plage du Pont du Lys,,
Antibes,21060004500012,Tournoi National d'Antbes ,16/09/20203,2023-09-17,OAJLP Tennis de Table,Salle St Claude,,
Antibes,21060004500012,Journée du sport scolaire,2023-09-20,2023-09-20,UNSS,Stade du Fort Carré,,
Antibes,21060004500012,Concours de boules ,2023-09-23,2023-09-23,ASF Boules,Clos Borriglion,,
Antibes,21060004500012,Regate VRC RG65,2023-09-24,2023-09-24,SRA,Base Nautique d'Antibes,,
Antibes,21060004500012,71ème GP de la ville d'Antibes,2023-09-24,2023-09-24,OCCA,Biot,,
Antibes,21060004500012,Concours CNFPT Police Municipale,2023-09-28,2023-09-28,CNFPT,Stade du Fort Carré,,
Antibes,21060004500012,Gestes qui sauvent,2023-09-29,2023-09-29,Département 06 / SDIS,Stade du Fort Carré,,
Antibes,21060004500012,Regate Handivoile,2023-09-28,2023-09-30,SRA,Base Nautique d'Antibes,,
Antibes,21060004500012,Run and Dream Pour Kaylia - Matteo,2023-10-01,2023-10-01,Police National,Bord de mer Siesta - Musée Archéologique,,
Antibes,21060004500012,Course Octobre Rose,2023-10-01,2023-10-01,Ligue contre le cancer,RD 6098,,
Antibes,21060004500012,Cross du Collège Bertone,2023-10-05,2023-10-05,College Bertone,Parc des Semboules,,
Antibes,21060004500012,Retransmission Match Rugby,2023-10-14,2023-10-15,Rugby Club d'Antibes,Stade Gilbert Auvergne,,
Antibes,21060004500012,Courir pour fleur ,2023-10-14,2023-10-15,Direction des sports,Stade du Fort Carré + Cap d'Antibes,,
Antibes,21060004500012,Concours de boules ,2023-10-21,2023-10-21,ASF Boules,Clos Borriglion,,
Antibes,21060004500012,Triathlon des Roses,2023-10-22,2023-10-22,Antibes Triathlon,Salis / Cap d'Antibes,,
Antibes,21060004500012,Retransmission Match Rugby,2023-10-21,2023-10-22,Rugby Club d'Antibes,Stade Gilbert Auvergne,,
Antibes,21060004500012,Tournoi Jacques Grima,2023-10-21,2023-11-04,TCA,Tennis Jules Grec,,
Antibes,21060004500012,Tournoi Feminin Octobre Rose,2023-10-28,2023-10-28,ASF Football,Stade Docteur Léger,,
Antibes,21060004500012,Retransmission Match Rugby,2023-10-28,2023-10-28,Rugby Club d'Antibes,Stade Gilbert Auvergne,,
Antibes,21060004500012,7ème Cyclo Cross des Semboules,2023-10-29,2023-10-29,OCCA,Parc des Semboules,,
Antibes,21060004500012,Tournoi des Petits AS,2023-11-03,2023-11-18,TCA,Tennis Jules Grec,,
Antibes,21060004500012,Tournoi Padel Fauteuil,2023-11-04,2023-11-04,TCA,Tennis Jules Grec,,
Antibes,21060004500012,Marathon Nice - Cannes ,2023-11-05,2023-11-05,Azur Sport Organisation,Antibes  ,,
Antibes,21060004500012,Challenge Belmas ,2023-11-11,2023-11-12,Rugby Club d'Antibes,Stade Gilbert Auvergne,,
Antibes,21060004500012,Souvenir ALLO ,2023-11-12,2023-11-12,ACCA,Square Albert 1er,,
Antibes,21060004500012,CROSS du Poilu ,2023-11-15,2023-11-15,Direction des Sports,Stade du fort Carré ,,
Antibes,21060004500012,Cross du Fort Carré,2023-11-18,2023-11-18,ERAA,Stade du Fort Carré,,
Antibes,21060004500012,Nuit du Hand ,2023-11-18,2023-11-18,OAJLP Handball,Salle St Claude,,
Antibes,21060004500012,Matchs de Champ tennis de table,2023-11-18,2023-11-19,OAJLP Tennis de table,Stade Foch,,
Antibes,21060004500012,Regate Championnat de ligue,2023-11-19,2023-11-19,SRA,Base Nautique Salis,,
Antibes,21060004500012,ASSA Bloc,2023-11-19,2023-11-19,ASSA Escalade,Salle Paul Charpin,,
Antibes,21060004500012,Matchs de Champ tennis de table,2023-11-25,2023-11-26,OAJLP Tennis de table,Stade Foch,,
Antibes,21060004500012,Regate Voiliers Radio Com RG 65,2023-11-26,2023-11-26,SRA,Base Nautique Salis,,
Antibes,21060004500012,TOP 12 de Gym Qualifs ,2023-12-02,2023-12-02,OAJLP Gymnastique,Salle Pierre Brochard,,
Antibes,21060004500012,Cross des 3ème du collège Roustan,2023-12-08,2023-12-08,Collège Roustan,Stade du Fort Carré,,
Antibes,21060004500012,Challenge André LESAGE,2023-12-09,2023-12-10,Compagnie d'arc d'antibes,Salle St Claude,,
Antibes,21060004500012,Triathlon de la St Sylvestre,2023-12-10,2023-12-10,Antibes Triathlon,Square Gould+ Cap,,
Antibes,21060004500012,Tournoi de PADEL P100,2023-12-17,2023-12-17,Tennis Club d'Antibes,Tennis Jules Grec,,
Antibes,21060004500012,Tournoi TMC de tennis,2023-12-17,2023-12-19,Tennis Club d'Antibes,Tennis Jules Grec,,
Antibes,21060004500012,Olympiades du collège Fersen,2023-12-20,2023-12-20,Collège Fersen,Stade Foch,,
